country,year,region,code,income group,num_AIconf_papers,num_AIconf_papers_pc,num_AIconf_citation,num_AIconf_citation_pc,num_AIconf_references,num_AIconf_references_pc,num_AIjournal_papers,num_AIjournal_papers_pc,num_AIjournal_citation,num_AIjournal_citation_pc,num_AIjournal_references,num_AIjournal_references_pc,num_AIpatents,num_AIpatents_pc,num_AIpatent_citation,num_AIpatent_citations_pc,num_AIpatent_references,num_AIpatent_references_pc,num_DLpapers,num_DLpapers_pc,rca_DLpapers,skill_percentile_rank,enroll_share,skill_penetration,num_AIocc,ai_hiring_index,ai_privateinvestment_tot,ai_privateinvestment_tot_pc,num_AIstartups,num_AIstartups_pc,robot,female_ai_authors,female_ai_skill_penetration,male_ai_skill_penetration,num_AIocc_fem,num_AIocc_male,num_AIconf_papers_scaled,num_AIconf_papers_pc_scaled,num_AIconf_citation_scaled,num_AIconf_citation_pc_scaled,num_AIconf_references_scaled,num_AIconf_references_pc_scaled,num_AIjournal_papers_scaled,num_AIjournal_papers_pc_scaled,num_AIjournal_citation_scaled,num_AIjournal_citation_pc_scaled,num_AIjournal_references_scaled,num_AIjournal_references_pc_scaled,num_AIpatents_scaled,num_AIpatents_pc_scaled,num_AIpatent_citation_scaled,num_AIpatent_citations_pc_scaled,num_AIpatent_references_scaled,num_AIpatent_references_pc_scaled,num_DLpapers_scaled,num_DLpapers_pc_scaled,rca_DLpapers_scaled,skill_percentile_rank_scaled,enroll_share_scaled,skill_penetration_scaled,num_AIocc_scaled,ai_hiring_index_scaled,ai_privateinvestment_tot_scaled,ai_privateinvestment_tot_pc_scaled,num_AIstartups_scaled,num_AIstartups_pc_scaled,robot_scaled,female_ai_authors_scaled,female_ai_skill_penetration_scaled,male_ai_skill_penetration_scaled,num_AIocc_fem_scaled,num_AIocc_male_scaled,Mean
United Arab Emirates,2015,Middle East & North Africa,ARE,High income,104.4166667,1.13E-05,1100,0.000118753,3293,0.000355504,47.11666667,5.09E-06,1184,0.000127822,2718,0.000293429,75.5,8.15E-06,91,9.82E-06,1120,0.000120912,1,1.08E-07,0.327948718,N.A,0.0196761,N.A,N.A,N.A,2748640,0.296736443,3,3.24E-07,N.A,N.A,N.A,N.A,N.A,N.A,0.915265501,10.54970498,0.547836048,5.5022437,1.061142154,9.012214138,0.445879578,7.978056426,0.71507948,2.948775119,0.514759078,4.741241688,2.610650069,9.465737515,1.411509229,21.34782609,1.602036875,24.6505635,0.032488629,0.304225352,10.14346256,N.A,14.17567939,N.A,N.A,N.A,0.014696128,0.190427645,0.202702703,1.022082019,N.A,N.A,N.A,N.A,N.A,N.A,3.669619044
Australia,2015,East Asia & Pacific,AUS,High income,1088.133333,4.57E-05,14983,0.000629115,31065,0.001304375,800.0206349,3.36E-05,25000,0.001049715,48364,0.002030736,37.5,1.57E-06,26,1.09E-06,549,2.31E-05,91,3.82E-06,1.144434612,N.A,0.019310746,N.A,N.A,0.9437549,23322752,0.979289423,10,4.20E-07,N.A,40.9740175,N.A,N.A,N.A,N.A,9.538045329,42.66562103,7.462025001,29.1491082,10.01044063,33.06659508,7.570842513,52.6645768,15.09880659,24.21628103,9.159605617,32.81274237,1.296680498,1.823461092,0.403288351,2.369565217,0.785284147,4.709441717,2.956465237,10.76056338,35.39739296,N.A,13.91245949,N.A,N.A,27.72149146,0.124699542,0.628449194,0.675675676,1.324921136,N.A,80.92047344,N.A,N.A,N.A,N.A,12.75625008
Austria,2015,Europe & Central Asia,AUT,High income,276.35,3.20E-05,4507,0.000521481,8545,0.000988696,152.4261905,1.76E-05,5768,0.000667384,8777,0.001015539,1.333333333,1.54E-07,N.A,N.A,15,1.74E-06,17,1.97E-06,0.619458689,N.A,0.022601278,N.A,N.A,N.A,177496,0.020537103,2,2.31E-07,N.A,22.65041722,N.A,N.A,N.A,N.A,2.422349125,29.87527074,2.244633697,24.16204683,2.753555938,25.06396572,1.442456148,27.5862069,3.483596657,15.39613943,1.662266531,16.40913421,0.046104195,0.178861789,N.A,N.A,0.021455851,0.354737168,0.552306693,5.549295775,19.15987371,N.A,16.28312881,N.A,N.A,N.A,0.000949016,0.01317948,0.135135135,0.728706625,N.A,44.7327989,N.A,N.A,N.A,N.A,6.673837641
Belgium,2015,Europe & Central Asia,BEL,High income,327.3166667,2.90E-05,3479,0.000308581,8583,0.000761296,252.6452381,2.24E-05,6304,0.000559153,15757,0.001397616,3,2.66E-07,1,8.87E-08,26,2.31E-06,16,1.42E-06,1.118251366,N.A,0.023264941,N.A,N.A,0.940587691,15839685,1.404950295,3,2.66E-07,N.A,29.86191767,N.A,N.A,N.A,N.A,2.869098032,27.07446411,1.732656009,14.29764186,2.765801125,19.29925563,2.390859968,35.10971787,3.80731507,12.89931666,2.984201176,22.58275509,0.10373444,0.308943089,0.01551109,0.192826087,0.037190142,0.470944172,0.519818064,4,34.58754447,N.A,16.76126594,N.A,N.A,27.62845908,0.084689897,0.901612802,0.202702703,0.839116719,N.A,58.97494713,N.A,N.A,N.A,N.A,8.151177456
Brazil,2015,Latin America & Caribbean,BRA,Upper middle income,540.0909091,2.64E-06,3014,1.47E-05,12365,6.05E-05,422.8083333,2.07E-06,5134,2.51E-05,15632,7.65E-05,N.A,N.A,N.A,N.A,N.A,N.A,11,5.38E-08,0.86845679,N.A,0.010359574,N.A,N.A,0.765557753,202400627,0.989870768,4,1.96E-08,1407,24.23670669,N.A,N.A,N.A,N.A,4.734173117,2.464709836,1.50107077,0.681102645,3.984519505,1.533706949,4.001165926,3.244514107,3.100690921,0.579041601,2.960527562,1.236091147,N.A,N.A,N.A,N.A,N.A,N.A,0.357374919,0.151549296,26.86139159,N.A,7.46357254,N.A,N.A,22.48719737,1.082173555,0.635239667,0.27027027,0.061829653,0.900906669,47.86559629,N.A,N.A,N.A,N.A,3.837733775
Canada,2015,North America,CAN,High income,1265.027778,3.54E-05,38807,0.001086942,34842,0.000975887,1043.778968,2.92E-05,32033,0.00089721,50804,0.001422965,663.1666667,1.86E-05,1034,2.90E-05,6628,0.000185643,139,3.89E-06,1.438357605,N.A,0.022005137,N.A,N.A,0.896226339,119004087,3.333176306,46,1.29E-06,N.A,28.75703819,N.A,N.A,N.A,N.A,11.08861564,33.04951826,19.32715773,50.36184157,11.2275478,24.73925081,9.877602952,45.76802508,19.34640286,20.69808425,9.621714576,22.99234561,22.93107423,21.60278746,16.0384675,63.04347826,9.480625367,37.84739778,4.515919428,10.95774648,44.48843895,N.A,15.85363802,N.A,N.A,26.32540589,0.636278048,2.139032563,3.108108108,4.069400631,N.A,56.79289674,N.A,N.A,N.A,N.A,17.16468896
Switzerland,2015,Europe & Central Asia,CHE,High income,442.6595238,5.34E-05,8487,0.001024703,14811,0.001788251,302.0686869,3.65E-05,15404,0.001859848,20807,0.002512196,69.5,8.39E-06,78,9.42E-06,871,0.000105163,48,5.80E-06,1.082751323,N.A,0.015363679,N.A,N.A,0.822377216,41312089,4.98793936,10,1.21E-06,N.A,25.42239722,N.A,N.A,N.A,N.A,3.880137181,49.85435806,4.226804124,47.47809004,4.772722879,45.33310721,2.858569338,57.21003135,9.303280669,42.90555232,3.940615211,40.59219915,2.403181189,9.744483159,1.209865054,20.47826087,1.245869749,21.43978439,1.559454191,16.33802817,33.48952719,N.A,11.06878842,N.A,N.A,24.15619031,0.220882963,3.200960205,0.675675676,3.8170347,N.A,50.20724216,N.A,N.A,N.A,N.A,14.26696378
China,2015,East Asia & Pacific,CHN,Upper middle income,7060.1171,5.15E-06,52426,3.82E-05,147015,0.000107215,8831.4,6.44E-06,119112,8.69E-05,245629,0.000179132,208,1.52E-07,174,1.27E-07,1522,1.11E-06,249,1.82E-07,1.328623279,N.A,0.009623844,N.A,N.A,0.802953189,1555909767,1.134690106,69,5.03E-08,68556,N.A,N.A,N.A,N.A,N.A,61.88553819,4.808051385,26.10986603,1.769940207,47.37437405,2.717956869,83.57426753,10.09404389,71.93796202,2.004729686,46.51941047,2.894424566,7.192254495,0.176538908,2.698929735,0.276086957,2.177053683,0.226297849,8.089668616,0.512676056,41.09435333,N.A,6.933514622,N.A,N.A,23.58563645,8.318968321,0.728176029,4.662162162,0.158675079,43.89662944,N.A,N.A,N.A,N.A,N.A,14.23383852
Germany,2015,Europe & Central Asia,DEU,High income,2027.263492,2.48E-05,32449,0.000397238,52232,0.000639419,1236.61627,1.51E-05,28291,0.000346336,65076,0.000796654,325,3.98E-06,467,5.72E-06,2370,2.90E-05,98,1.20E-06,0.83896921,N.A,0.022977132,N.A,N.A,0.958621889,49368957,0.604370244,22,2.69E-07,N.A,25.23222112,N.A,N.A,N.A,N.A,17.77000161,23.15333483,16.16066537,18.40543214,16.83133221,16.20960932,11.70248194,23.6677116,17.08641349,7.989759038,12.32467321,12.87237852,11.23789765,4.62253194,7.243679231,12.43478261,3.39002446,5.912286138,3.18388564,3.38028169,25.94933996,N.A,16.55391346,N.A,N.A,28.15818864,0.263960545,0.38784856,1.486486486,0.848580442,N.A,49.83165927,N.A,N.A,N.A,N.A,10.25164278
Denmark,2015,Europe & Central Asia,DNK,High income,174.15,3.06E-05,1665,0.000292954,4934,0.00086813,116.6686869,2.05E-05,2620,0.000460985,6001,0.001055867,N.A,N.A,N.A,N.A,N.A,N.A,6,1.06E-06,0.376176471,N.A,0.009013676,N.A,N.A,1.070397281,8324923,1.464757262,3,5.28E-07,N.A,24.52380952,N.A,N.A,N.A,N.A,1.526513841,28.56822765,0.829224563,13.57358804,1.589940901,22.00755395,1.10407184,32.13166144,1.582354931,10.63464113,1.136522895,17.06075622,N.A,N.A,N.A,N.A,N.A,N.A,0.194931774,2.985915493,11.63514824,N.A,6.493918059,N.A,N.A,31.44143578,0.044510789,0.939993325,0.202702703,1.665615142,N.A,48.43260188,N.A,N.A,N.A,N.A,6.549495294
Spain,2015,Europe & Central Asia,ESP,High income,901.65,1.94E-05,7314,0.000157477,21281,0.0004582,1030.535714,2.22E-05,20325,0.000437616,48473,0.001043668,8.5,1.83E-07,13,2.80E-07,87,1.87E-06,36,7.75E-07,0.996623377,N.A,0.030482642,N.A,N.A,0.988600343,46319818,0.997308333,16,3.44E-07,N.A,34.53375621,N.A,N.A,N.A,N.A,7.903423515,18.11188289,3.642611684,7.296462668,6.85762714,11.61561197,9.752277946,34.79623824,12.27532976,10.09553264,9.180249009,16.86364412,0.293914246,0.212543554,0.201644176,0.608695652,0.124443936,0.38124052,1.169590643,2.183098592,30.82558754,N.A,21.96127078,N.A,N.A,29.03876416,0.247657741,0.64001265,1.081081081,1.085173502,N.A,68.20146211,N.A,N.A,N.A,N.A,8.517974235
Finland,2015,Europe & Central Asia,FIN,High income,245.6944444,4.48E-05,2709,0.000494385,7062,0.001288796,178.7777778,3.26E-05,4838,0.000882922,9900,0.001806724,64.33333333,1.17E-05,63,1.15E-05,541,9.87E-05,6,1.09E-06,0.775151515,N.A,0.020930409,N.A,N.A,0.843232542,26651581,4.863843457,6,1.09E-06,N.A,21.06481481,N.A,N.A,N.A,N.A,2.153637497,41.82537904,1.349170775,22.90659395,2.275671391,32.6716592,1.691829362,51.09717868,2.921921051,20.36846885,1.874950285,29.19314433,2.224527432,13.58885017,0.977198697,25,0.773841026,20.12216006,0.194931774,3.070422535,23.97545696,N.A,15.07934842,N.A,N.A,24.76878659,0.142497761,3.1213229,0.405405405,3.438485804,N.A,41.60135841,N.A,N.A,N.A,N.A,10.8003944
France,2015,Europe & Central Asia,FRA,High income,1494.381746,2.24E-05,15622,0.000234588,40463,0.000607613,898.7341631,1.35E-05,22653,0.000340169,51432,0.000772329,729.8333333,1.10E-05,724,1.09E-05,5079,7.63E-05,73,1.10E-06,0.823342152,N.A,0.032232422,N.A,N.A,1.014992497,114725410,1.722775359,50,7.51E-07,N.A,29.79727776,N.A,N.A,N.A,N.A,13.0990205,20.91268952,7.780267942,10.86928621,13.0388688,15.40331042,8.504999137,21.15987461,13.68133063,7.847490131,9.740650816,12.47933385,25.236284,12.77584204,11.23002947,23.69565217,7.264951152,15.5554287,2.371669916,3.098591549,25.46599464,N.A,23.22190273,N.A,N.A,29.81399708,0.613401286,1.105573859,3.378378378,2.369085174,N.A,58.84728837,N.A,N.A,N.A,N.A,11.12669981
United Kingdom,2015,Europe & Central Asia,GBR,High income,1961.228211,3.01E-05,44649,0.000685549,55864,0.000857746,1698.322655,2.61E-05,49329,0.000757406,97702,0.001500134,292.8333333,4.50E-06,427,6.56E-06,2256,3.46E-05,146,2.24E-06,0.920779093,N.A,0.020119214,N.A,N.A,0.90034453,310932805,4.774117039,105,1.61E-06,N.A,25.73947906,N.A,N.A,N.A,N.A,17.19116859,28.10142654,22.23666517,31.76389368,18.00171433,21.74431407,16.07175215,40.90909091,29.79236121,17.47289174,18.50367604,24.23924649,10.12563393,5.226480836,6.623235613,14.26086957,3.226959992,7.053968979,4.743339831,6.309859155,28.47972182,N.A,14.49492162,N.A,N.A,26.44637204,1.662461545,3.063741869,7.094594595,5.078864353,N.A,50.83345395,N.A,N.A,N.A,N.A,13.35424113
India,2015,South Asia,IND,Lower middle income,3146.566667,2.40E-06,9924,7.57E-06,49226,3.76E-05,1915.759524,1.46E-06,18739,1.43E-05,48983,3.74E-05,26,1.98E-08,15,1.14E-08,193,1.47E-07,23,1.76E-08,0.961339869,N.A,0.019702367,N.A,N.A,1.078737461,86746978,0.066211364,37,2.82E-08,1032.5,25.73708835,N.A,N.A,N.A,N.A,27.58126655,2.240645306,4.942477215,0.350744695,15.86267345,0.953179856,18.12942444,2.288401254,11.31746147,0.329892227,9.276837357,0.604311227,0.899031812,0.022996516,0.232666356,0.024782609,0.276065283,0.029969175,0.747238467,0.049577465,29.7342677,N.A,14.1946035,N.A,N.A,31.686417,0.463809263,0.042490481,2.5,0.088958991,0.661113103,50.82873248,N.A,N.A,N.A,N.A,6.287778757
Ireland,2015,Europe & Central Asia,IRL,High income,148.7666667,3.16E-05,1329,0.000282648,4048,0.000860918,84.30952381,1.79E-05,2169,0.000461297,4888,0.001039567,2,4.25E-07,1,2.13E-07,60,1.28E-05,1,2.13E-07,0.426333333,N.A,0.029705487,N.A,N.A,1.155889518,22552336,4.796372234,15,3.19E-06,N.A,32.32026144,N.A,N.A,N.A,N.A,1.304015939,29.50182986,0.661885552,13.09607486,1.304434691,21.82472594,0.797847079,28.05642633,1.30997246,10.64183878,0.92573303,16.79737994,0.069156293,0.493612079,0.01551109,0.463043478,0.085823404,2.609560778,0.032488629,0.6,13.18650132,N.A,21.40136815,N.A,N.A,33.95265169,0.120580366,3.078023918,1.013513514,10.06309148,N.A,63.82998341,N.A,N.A,N.A,N.A,7.701029835
Israel,2015,Middle East & North Africa,ISR,High income,224.4075758,2.68E-05,3961,0.000472667,7330,0.000874691,184.9119048,2.21E-05,4927,0.00058794,10598,0.001264663,21.5,2.57E-06,43,5.13E-06,232,2.77E-05,19,2.27E-06,0.487971888,N.A,0.023384631,N.A,N.A,1.0272919,255841090,30.52959869,51,6.09E-06,N.A,25.10025628,N.A,N.A,N.A,N.A,1.967047204,25.02053925,1.972707804,21.90032271,2.362032186,22.17387877,1.749878502,34.63949843,2.975672803,13.56341509,2.00714375,20.43449331,0.743430152,2.984901278,0.666976888,11.15217391,0.331850496,5.647252622,0.617283951,6.394366197,15.09298346,N.A,16.8474968,N.A,N.A,30.17527499,1.367903183,19.59206467,3.445945946,19.21135647,N.A,49.57103905,N.A,N.A,N.A,N.A,9.294692496
Italy,2015,Europe & Central Asia,ITA,High income,1075.583766,1.77E-05,9925,0.000163427,27576,0.000454071,739.4507937,1.22E-05,17816,0.000293361,38269,0.000630144,123.5,2.03E-06,155,2.55E-06,871,1.43E-05,51,8.40E-07,0.650988024,N.A,0.023956597,N.A,N.A,1.033518348,508043,0.008365522,4,6.59E-08,N.A,34.96826453,N.A,N.A,N.A,N.A,9.428041955,16.52475913,4.942975248,7.572147072,8.886139092,11.51093964,6.997651386,19.12225705,10.76001353,6.767658289,7.247724492,10.18190091,4.270401107,2.357723577,2.404219017,5.543478261,1.245869749,2.915368682,1.656920078,2.366197183,20.13507688,N.A,17.25957067,N.A,N.A,30.35816826,0.002716349,0.00536849,0.27027027,0.207886435,N.A,69.05958199,N.A,N.A,N.A,N.A,7.777806244
Japan,2015,East Asia & Pacific,JPN,High income,2495.694877,1.96E-05,11098,8.73E-05,38931,0.000306203,1208.869481,9.51E-06,11305,8.89E-05,34421,0.000270731,972,7.65E-06,1623,1.28E-05,7715,6.07E-05,26,2.04E-07,0.833433584,N.A,0.01513559,N.A,N.A,N.A,89209890,0.701661069,39,3.07E-07,35023,16.81926552,N.A,N.A,N.A,N.A,21.87604234,18.29860333,5.527167688,4.044915708,12.54519441,7.762407753,11.4399055,14.90595611,6.82768034,2.050868459,6.518955937,4.374486174,33.60995851,8.885017422,25.17449977,27.82608696,11.03545937,12.3750265,0.844704353,0.574647887,25.7781229,N.A,10.90446131,N.A,N.A,N.A,0.476977691,0.450283974,2.635135135,0.968454259,22.42534064,33.21673128,N.A,N.A,N.A,N.A,9.259808103
Netherlands,2015,Europe & Central Asia,NLD,High income,367.1,2.17E-05,16412,0.000968836,10915,0.000644336,431.7591631,2.55E-05,11636,0.000686898,24396,0.001440148,9.5,5.61E-07,9,5.31E-07,110,6.49E-06,18,1.06E-06,0.609047619,N.A,0.01909156,N.A,N.A,0.968420117,17760096,1.048416572,8,4.72E-07,N.A,26.54761905,N.A,N.A,N.A,N.A,3.2178193,20.25916797,8.17371383,44.88957565,3.517268937,16.33425787,4.085870395,39.96865204,7.027588539,15.84631544,4.620332037,23.26998945,0.328492393,0.651567944,0.139599814,1.154347826,0.157342907,1.323128863,0.584795322,2.985915493,18.83785904,N.A,13.75454656,N.A,N.A,28.445998,0.094957741,0.672810851,0.540540541,1.488958991,N.A,52.42946709,N.A,N.A,N.A,N.A,8.744468912
Norway,2015,Europe & Central Asia,NOR,High income,130.2777778,2.51E-05,823,0.000158617,2752,0.000530393,102.1952381,1.97E-05,2401,0.000462745,4986,0.000960952,2,3.85E-07,2,3.85E-07,6,1.16E-06,2,3.85E-07,0.387575758,N.A,0.026804689,N.A,N.A,N.A,720900,0.138939025,2,3.85E-07,N.A,N.A,N.A,N.A,N.A,N.A,1.14195137,23.43341549,0.40988097,7.349282873,0.886809355,13.44574264,0.967105121,30.87774295,1.450089385,10.67524325,0.944293144,15.52711451,0.069156293,0.447154472,0.031022181,0.836956522,0.00858234,0.236491446,0.064977258,1.084507042,11.98772849,N.A,19.31148334,N.A,N.A,N.A,0.003854429,0.08916273,0.135135135,1.214511041,N.A,N.A,N.A,N.A,N.A,N.A,3.961927605
Portugal,2015,Europe & Central Asia,PRT,High income,341.7333333,3.30E-05,2329,0.000224849,7669,0.000740388,207.3678571,2.00E-05,5594,0.000540062,9814,0.000947473,3.5,3.38E-07,6,5.79E-07,5,4.83E-07,3,2.90E-07,0.673157895,N.A,0.024252404,N.A,N.A,1.039654326,17924561,1.730491358,2,1.93E-07,N.A,32.52813853,N.A,N.A,N.A,N.A,2.99546749,30.80887296,1.159918323,10.41804412,2.471272146,18.76922679,1.962386118,31.34796238,3.378508963,12.458899,1.858662838,15.30932009,0.121023513,0.392566783,0.093066543,1.258695652,0.00715195,0.098470145,0.097465887,0.816901408,20.82079158,N.A,17.47268532,N.A,N.A,30.53840411,0.095837084,1.110525524,0.135135135,0.608832808,N.A,64.24052438,N.A,N.A,N.A,N.A,7.523517196
Russia,2015,Europe & Central Asia,RUS,Upper middle income,201.75,1.40E-06,1796,1.25E-05,2989,2.07E-05,349.5166667,2.43E-06,1537,1.07E-05,5233,3.63E-05,19,1.32E-07,4,2.78E-08,125,8.67E-07,12,8.33E-08,1.218095238,N.A,0.022273608,N.A,N.A,N.A,4716949,0.032734569,5,3.47E-08,N.A,N.A,N.A,N.A,N.A,N.A,1.768441961,1.307043095,0.894466856,0.579168916,0.963180655,0.524755931,3.307584234,3.808777429,0.928274629,0.246842435,0.991072206,0.586537368,0.656984786,0.153310105,0.062044362,0.060434783,0.178798758,0.176756968,0.389863548,0.234647887,37.67571808,N.A,16.04705841,N.A,N.A,N.A,0.025220067,0.021007082,0.337837838,0.109463722,N.A,N.A,N.A,N.A,N.A,N.A,2.000980336
Singapore,2015,East Asia & Pacific,SGP,High income,592.8666667,0.000107112,11946,0.002158265,19775,0.003572718,325.2083333,5.88E-05,15494,0.002799276,25440,0.004596204,28,5.06E-06,15,2.71E-06,224,4.05E-05,63,1.14E-05,1.428670213,N.A,0.015933843,N.A,N.A,0.766558366,138789398,25.07485959,23,4.16E-06,N.A,21.01543999,N.A,N.A,N.A,N.A,5.196779632,100,5.949499477,100,6.372331033,90.57028801,3.077546963,92.1630094,9.357636372,64.57757992,4.818054067,74.26571338,0.968188105,5.87688734,0.232666356,5.891304348,0.320407375,8.2568134,2.046783626,32.11267606,44.18880765,N.A,11.47956403,N.A,N.A,22.51658899,0.742063987,16.0915404,1.554054054,13.12302839,N.A,41.50384701,N.A,N.A,N.A,N.A,21.20149054
Sweden,2015,Europe & Central Asia,SWE,High income,304.9444444,3.11E-05,3951,0.000403197,7988,0.00081517,189.202381,1.93E-05,3939,0.000401972,10800,0.001102132,26,2.65E-06,20,2.04E-06,205,2.09E-05,18,1.84E-06,0.45408284,N.A,0.023764599,N.A,N.A,0.936481777,14676514,1.497727872,13,1.33E-06,N.A,27.11180124,N.A,N.A,N.A,N.A,2.672994058,29.03502875,1.967727476,18.68153355,2.574067271,20.66498998,1.790480604,30.2507837,2.378967966,9.273247424,2.045400311,17.8083086,0.899031812,3.077816492,0.310221809,4.434782609,0.293229964,4.260923458,0.584795322,5.183098592,14.04479431,N.A,17.12124538,N.A,N.A,27.50785355,0.078470781,0.961151885,0.878378378,4.195583596,N.A,53.5436827,N.A,N.A,N.A,N.A,7.681071954
United States of America,2015,North America,USA,High income,8892.254401,2.77E-05,200790,0.000626016,238244,0.000742789,7368.508369,2.30E-05,165576,0.000516227,312756,0.000975099,2892,9.02E-06,6447,2.01E-05,69911,0.000217966,742,2.31E-06,1.073428345,N.A,0.027411666,N.A,N.A,0.970802889,5707028169,17.7931677,721,2.25E-06,N.A,26.16876292,N.A,N.A,N.A,N.A,77.94515891,25.86078124,100,29.00552064,76.77216862,18.83009341,69.73047192,36.05015674,100,11.90904018,59.23252035,15.7557025,100,10.47619048,100,43.69565217,100,44.43715036,24.1065627,6.507042254,33.20116724,N.A,19.74878095,N.A,N.A,28.51598862,30.51371458,11.41858744,48.71621622,7.097791798,N.A,51.68125593,N.A,N.A,N.A,N.A,35.5891032
South Africa,2015,Sub-Saharan Africa,ZAF,Upper middle income,90.7,1.64E-06,313,5.65E-06,1918,3.46E-05,80.53333333,1.45E-06,1163,2.10E-05,2989,5.40E-05,1,1.81E-08,N.A,N.A,1,1.81E-08,2,3.61E-08,0.710555556,N.A,0.021320825,N.A,N.A,0.995728152,509880,0.009205876,2,3.61E-08,N.A,N.A,N.A,N.A,N.A,N.A,0.7950319,1.531107626,0.155884257,0.26178435,0.618059718,0.877128272,0.762111822,2.272727273,0.702396483,0.484457116,0.566083475,0.872534927,0.034578147,0.021022067,N.A,N.A,0.00143039,0.003690082,0.064977258,0.101690141,21.97750223,N.A,15.36062429,N.A,N.A,29.24813366,0.002726171,0.005907779,0.135135135,0.113880126,N.A,N.A,N.A,N.A,N.A,N.A,2.138072353
United Arab Emirates,2016,Middle East & North Africa,ARE,High income,117.3333333,1.25E-05,1276,0.000136311,3577,0.000382118,50.83333333,5.43E-06,787,8.41E-05,3463,0.00036994,41.83333333,4.47E-06,183,1.95E-05,735,7.85E-05,5,5.34E-07,0.850816905,N.A,0.048358604,N.A,N.A,N.A,21330813,2.278694432,5,5.34E-07,N.A,N.A,N.A,N.A,N.A,N.A,1.028486692,11.67002763,0.635489815,6.315767526,1.152658817,9.686893093,0.481051543,8.510971787,0.475310431,1.940135403,0.655853822,5.977510574,1.446519133,5.191637631,2.838529549,42.39130435,1.0513367,16.00394696,0.162443145,1.504225352,26.31578948,N.A,34.84003772,N.A,N.A,N.A,0.11404926,1.462329365,0.337837838,1.684542587,N.A,N.A,N.A,N.A,N.A,N.A,5.107630172
Australia,2016,East Asia & Pacific,AUS,High income,997.7242424,4.12E-05,12109,0.00050056,32854,0.001358114,860.1261905,3.56E-05,21233,0.000877726,56054,0.002317152,32.33333333,1.34E-06,17,7.03E-07,399,1.65E-05,179,7.40E-06,1.152839957,N.A,0.056198191,N.A,N.A,1.332183724,17299642,0.715129945,12,4.96E-07,N.A,34.99111151,N.A,N.A,N.A,N.A,8.745563399,38.46441108,6.030678819,23.1927034,10.58693116,34.42890711,8.139639961,55.79937304,12.82371841,20.24860032,10.61600639,37.44066762,1.11802674,1.556329849,0.263688537,1.52826087,0.570725637,3.363886941,5.815464587,20.84507042,35.65737051,N.A,40.48808138,N.A,N.A,39.13104952,0.092495835,0.458927491,0.810810811,1.56466877,N.A,69.10470299,N.A,N.A,N.A,N.A,13.58018782
Austria,2016,Europe & Central Asia,AUT,High income,227.25,2.60E-05,4511,0.00051633,7693,0.000880542,149.4444444,1.71E-05,3728,0.000426707,9150,0.00104731,3,3.43E-07,1,1.14E-07,32,3.66E-06,33,3.78E-06,0.790314369,N.A,0.078762636,N.A,N.A,N.A,10597707,1.213014733,8,9.16E-07,N.A,21.3180189,N.A,N.A,N.A,N.A,1.991962506,24.27365748,2.246625828,23.9233829,2.479005949,22.32220471,1.414238963,26.80250784,2.251534039,9.843868699,1.732908597,16.92249175,0.10373444,0.398373984,0.01551109,0.247826087,0.045772482,0.746171285,1.072124756,10.64788732,24.44444444,N.A,56.74467379,N.A,N.A,N.A,0.056662662,0.778440075,0.540540541,2.889589905,N.A,42.10141664,N.A,N.A,N.A,N.A,7.695487743
Belgium,2016,Europe & Central Asia,BEL,High income,278.6206349,2.46E-05,2706,0.000238805,8073,0.000712444,281.3650794,2.48E-05,5434,0.000479551,17701,0.001562116,8.5,7.50E-07,3,2.65E-07,54,4.77E-06,12,1.06E-06,0.579063446,N.A,0.08232335,N.A,N.A,1.082395456,15075657,1.330429402,4,3.53E-07,N.A,31.5299295,N.A,N.A,N.A,N.A,2.442252401,22.96661438,1.347676677,11.06467463,2.601457822,18.06083163,2.662644702,38.87147335,3.2818766,11.06294736,3.352373233,25.24075501,0.293914246,0.871080139,0.046533271,0.576086957,0.077241064,0.972469134,0.389863548,2.985915493,17.91044777,N.A,59.30999619,N.A,N.A,31.79386553,0.080604875,0.853789765,0.27027027,1.113564669,N.A,62.26913977,N.A,N.A,N.A,N.A,8.965843347
Brazil,2016,Latin America & Caribbean,BRA,Upper middle income,590.1333333,2.86E-06,2461,1.19E-05,13756,6.67E-05,446.2845238,2.16E-06,5421,2.63E-05,20508,9.95E-05,N.A,N.A,N.A,N.A,N.A,N.A,21,1.02E-07,0.89335775,N.A,0.029297048,N.A,N.A,1.118314442,7618133,0.036951979,2,9.70E-09,1207,23.75291375,N.A,N.A,N.A,N.A,5.172820566,2.670102323,1.225658648,0.551368808,4.43275781,1.690880224,4.223328372,3.385579937,3.274025221,0.606724865,3.883987925,1.607726394,N.A,N.A,N.A,N.A,N.A,N.A,0.682261209,0.287323944,27.63157895,N.A,21.10710759,N.A,N.A,32.84893594,0.040731801,0.023713563,0.135135135,0.030599369,0.77284602,46.91014315,N.A,N.A,N.A,N.A,4.533203826
Canada,2016,North America,CAN,High income,1282.437302,3.55E-05,15629,0.000432823,38030,0.001053186,1051.597222,2.91E-05,18248,0.000505352,55584,0.001539318,475.1666667,1.32E-05,1134,3.14E-05,4762,0.000131877,129,3.57E-06,1.019732144,N.A,0.066324137,N.A,N.A,1.25021718,172916581,4.788674539,54,1.50E-06,N.A,31.32928207,N.A,N.A,N.A,N.A,11.24121902,33.14287848,7.783754171,20.05421021,12.25485457,26.69882128,9.951589506,45.61128527,11.02092091,11.6581606,10.5269936,24.87238369,16.43038267,15.33101045,17.58957655,68.26086957,6.811517501,26.88601928,4.191033138,10.05633803,31.54034231,N.A,47.78333623,N.A,N.A,36.72339595,0.92453148,3.073083999,3.648648649,4.731861199,N.A,61.87287682,N.A,N.A,N.A,N.A,16.12977486
Switzerland,2016,Europe & Central Asia,CHE,High income,462.5357143,5.52E-05,9753,0.001164768,16988,0.002028821,304.7976551,3.64E-05,9316,0.001112579,22114,0.002641002,53.5,6.39E-06,42,5.02E-06,377,4.50E-05,101,1.21E-05,1.251124629,N.A,0.07819403,N.A,N.A,1.310123011,47682425,5.694553952,12,1.43E-06,N.A,21.44139654,N.A,N.A,N.A,N.A,4.054362159,51.53484203,4.857313611,53.96779357,5.474243215,51.43168375,2.884394407,57.05329154,5.626419288,25.66651495,4.188146526,42.67345348,1.849930844,7.421602787,0.651465798,10.91304348,0.539257055,9.174237111,3.281351527,34.08450704,38.69731802,N.A,56.33502064,N.A,N.A,38.48304666,0.25494318,3.654423054,0.810810811,4.511041009,N.A,42.34507781,N.A,N.A,N.A,N.A,15.62276487
China,2016,East Asia & Pacific,CHN,Upper middle income,8081.32619,5.86E-06,61232,4.44E-05,186063,0.000134959,6764.463131,4.91E-06,108006,7.83E-05,313570,0.000227445,166,1.20E-07,104,7.54E-08,1193,8.65E-07,466,3.38E-07,1.454272756,N.A,0.049876683,N.A,N.A,0.756885399,5697624528,4.132711375,99,7.18E-08,96500,N.A,N.A,N.A,N.A,N.A,70.83695829,5.470908955,30.49554261,2.057207989,59.95727074,3.42128192,64.01420515,7.695924765,65.23046818,1.806332962,59.38668293,3.675068639,5.739972337,0.139372822,1.613153405,0.163913043,1.70645535,0.176349224,15.1397011,0.952112676,44.98069499,N.A,35.93374029,N.A,N.A,22.232459,30.46343622,2.652126198,6.689189189,0.226498423,61.7892634,N.A,N.A,N.A,N.A,N.A,16.7957303
Germany,2016,Europe & Central Asia,DEU,High income,2110.319481,2.56E-05,24777,0.000300879,55992,0.000679938,1271.503644,1.54E-05,23446,0.000284716,70833,0.00086016,283.75,3.45E-06,278,3.38E-06,1962,2.38E-05,194,2.36E-06,1.019873532,N.A,0.066451892,N.A,N.A,1.146672584,186314665,2.262509732,29,3.52E-07,N.A,24.81569417,N.A,N.A,N.A,N.A,18.49802985,23.9002166,12.33975796,13.94078114,18.04296127,17.23678737,12.03263194,24.13793103,14.16026477,6.568223443,13.41498521,13.89851191,9.811549101,4.006968641,4.312083139,7.347826087,2.806425312,4.852152072,6.302794022,6.647887324,31.54471545,N.A,47.87537754,N.A,N.A,33.68191703,0.996166891,1.451942996,1.959459459,1.110410095,N.A,49.00905119,N.A,N.A,N.A,N.A,11.16355025
Denmark,2016,Europe & Central Asia,DNK,High income,160.5611111,2.80E-05,2088,0.000364525,4591,0.0008015,132.2873016,2.31E-05,2932,0.000511871,7211,0.001258901,3,5.24E-07,2,3.49E-07,9,1.57E-06,15,2.62E-06,0.655358967,N.A,0.021704538,N.A,N.A,1.159896848,24425553,4.26423016,9,1.57E-06,N.A,27.81838317,N.A,N.A,N.A,N.A,1.407400278,26.1408619,1.039892425,16.88972392,1.479411973,20.31844826,1.251875618,36.20689655,1.770788037,11.80854993,1.365683486,20.3413906,0.10373444,0.608594657,0.031022181,0.758695652,0.012873511,0.320078939,0.487329435,7.38028169,20.27027027,N.A,15.63707097,N.A,N.A,34.07036145,0.130595878,2.736527063,0.608108108,4.952681388,N.A,54.93912664,N.A,N.A,N.A,N.A,7.863007646
Spain,2016,Europe & Central Asia,ESP,High income,755.5539683,1.63E-05,6971,0.000149967,20332,0.000437402,894.9024531,1.93E-05,14466,0.000311207,49220,0.001058869,6,1.29E-07,1,2.15E-08,37,7.96E-07,47,1.01E-06,0.80827606,N.A,0.089270838,N.A,N.A,1.101067928,57564425,1.238382212,21,4.52E-07,N.A,38.14125982,N.A,N.A,N.A,N.A,6.622817057,15.21771604,3.471786444,6.948497983,6.551819699,11.08837169,8.468738481,30.2507837,8.736773445,7.17935456,9.32172253,17.1092627,0.20746888,0.149825784,0.01551109,0.04673913,0.052924432,0.162282061,1.526965562,2.845070423,25.00000002,N.A,64.31532562,N.A,N.A,32.3423435,0.307779177,0.794719401,1.418918919,1.425867508,N.A,75.32599902,N.A,N.A,N.A,N.A,9.358482913
Finland,2016,Europe & Central Asia,FIN,High income,248.7261905,4.53E-05,2463,0.000448201,7426,0.001351336,178.4318182,3.25E-05,3503,0.000637453,11013,0.002004075,28.5,5.19E-06,16,2.91E-06,216,3.93E-05,12,2.18E-06,0.554246441,N.A,0.090494387,N.A,N.A,1.269343134,5483042,0.997768822,6,1.09E-06,N.A,19.81481481,N.A,N.A,N.A,N.A,2.180212303,42.29218015,1.226654714,20.76672698,2.392967396,34.25708123,1.68855544,50.94043887,2.115644779,14.70564962,2.085740151,32.38195249,0.985477178,6.027874564,0.248177447,6.326086957,0.308964255,8.012167077,0.389863548,6.14084507,17.14285715,N.A,65.19683356,N.A,N.A,37.28519433,0.02931613,0.640308164,0.405405405,3.438485804,N.A,39.13270637,N.A,N.A,N.A,N.A,11.07623242
France,2016,Europe & Central Asia,FRA,High income,1439.122655,2.15E-05,11021,0.000164838,40568,0.000606763,918.6309885,1.37E-05,17336,0.000259289,57992,0.000867368,659,9.86E-06,380,5.68E-06,4101,6.13E-05,91,1.36E-06,0.681047421,N.A,0.104729839,N.A,N.A,1.143834953,248737865,3.720292075,71,1.06E-06,N.A,31.46144167,N.A,N.A,N.A,N.A,12.6146463,20.07244753,5.488819164,7.637523659,13.07270419,15.38176248,8.693288945,21.47335423,10.47011644,5.981638153,10.98304212,14.01497916,22.78699862,11.45180023,5.894214363,12.34782609,5.866029666,12.49734966,2.956465237,3.830985915,21.06481483,N.A,75.45278893,N.A,N.A,33.59856556,1.329924436,2.387460236,4.797297297,3.34384858,N.A,62.13388167,N.A,N.A,N.A,N.A,11.87846038
United Kingdom,2016,Europe & Central Asia,GBR,High income,2124.898846,3.24E-05,28787,0.000438856,66341,0.001011364,1704.078644,2.60E-05,37380,0.000569856,106807,0.001628266,277.3333333,4.23E-06,286,4.36E-06,1857,2.83E-05,239,3.64E-06,0.913371055,N.A,0.064443745,N.A,N.A,1.211456401,743908463,11.34083475,133,2.03E-06,N.A,25.87025107,N.A,N.A,N.A,N.A,18.62582544,30.24871163,14.33686937,20.3337403,21.37784137,25.63861149,16.12622285,40.7523511,22.57573561,13.14622831,20.22806213,26.30961029,9.589672659,4.912891986,4.436171863,9.47826087,2.656234355,5.769575783,7.764782326,10.25352113,28.250591,N.A,46.42860465,N.A,N.A,35.58485182,3.97744848,7.277867293,8.986486486,6.403785489,N.A,51.09171842,N.A,N.A,N.A,N.A,14.23784096
India,2016,South Asia,IND,Lower middle income,3337.674242,2.52E-06,8884,6.71E-06,55893,4.22E-05,2296.887302,1.73E-06,16065,1.21E-05,58198,4.39E-05,26.25,1.98E-08,3,2.26E-09,233,1.76E-07,49,3.70E-08,1.035438612,N.A,0.056061499,N.A,N.A,1.1655653,60648068,0.045789074,61,4.61E-08,1313.5,24.87989614,N.A,N.A,N.A,N.A,29.25642221,2.352677571,4.424523134,0.310897874,18.01105934,1.069792285,21.73615439,2.711598746,9.702493115,0.279139576,11.02205623,0.70933858,0.907676349,0.022996516,0.046533271,0.004913043,0.333280886,0.035881461,1.59194282,0.104225352,32.02614379,N.A,40.3896014,N.A,N.A,34.23686437,0.324266463,0.02938468,4.121621622,0.145425868,0.841038316,49.13584505,N.A,N.A,N.A,N.A,7.385660953
Ireland,2016,Europe & Central Asia,IRL,High income,203.2353535,4.27E-05,1333,0.000280317,4884,0.001027057,91.86111111,1.93E-05,1658,0.000348661,4670,0.000982055,0.5,1.05E-07,N.A,N.A,2,4.21E-07,13,2.73E-06,1.00072274,N.A,0.09659791,N.A,N.A,1.173178908,31940430,6.716757074,19,4.00E-06,N.A,34.81068289,N.A,N.A,N.A,N.A,1.781461844,39.8648144,0.663877683,12.98807144,1.573828812,26.03643733,0.869310084,30.2507837,1.001352853,8.043395362,0.884446246,15.86809793,0.017289073,0.12195122,N.A,N.A,0.00286078,0.085830085,0.422352177,7.690140845,30.95238094,N.A,69.59412699,N.A,N.A,34.46050354,0.170775601,4.310411685,1.283783784,12.61829653,N.A,68.7483706,N.A,N.A,N.A,N.A,10.28624865
Israel,2016,Middle East & North Africa,ISR,High income,298.8261905,3.50E-05,4067,0.000475895,9180,0.001074187,218.6888889,2.56E-05,3542,0.000414463,12808,0.001498713,13,1.52E-06,6,7.02E-07,81,9.48E-06,57,6.67E-06,0.885994911,N.A,0.051538091,N.A,N.A,1.085653754,520289138,60.88101311,71,8.31E-06,N.A,28.37597117,N.A,N.A,N.A,N.A,2.619364433,32.67607738,2.025499278,22.04988729,2.958179463,27.23120772,2.069520541,40.12539185,2.139198918,9.561407131,2.425693258,24.2162859,0.449515906,1.765389082,0.093066543,1.526086957,0.115861595,1.932705951,1.851851852,18.78873239,27.40384614,N.A,37.13070448,N.A,N.A,31.88957352,2.781825109,39.06978136,4.797297297,26.21451104,N.A,56.04031924,N.A,N.A,N.A,N.A,11.72079949
Italy,2016,Europe & Central Asia,ITA,High income,958.9504329,1.58E-05,8097,0.000133553,27250,0.000449466,803.3826118,1.33E-05,13767,0.000227075,43685,0.000720548,137.5,2.27E-06,65,1.07E-06,752,1.24E-05,109,1.80E-06,0.853289012,N.A,0.103324927,N.A,N.A,1.069927767,10210408,0.168412162,5,8.25E-08,N.A,32.95650023,N.A,N.A,N.A,N.A,8.405691123,14.75091493,4.032571343,6.187979697,8.781088275,11.39420046,7.602657939,20.84639498,8.314610813,5.238480936,8.273454871,11.64265364,4.754495159,2.636469222,1.008220878,2.326086957,1.075653331,2.528012004,3.541260559,5.070422535,26.39225182,N.A,74.44061772,N.A,N.A,31.42764446,0.054591894,0.108076821,0.337837838,0.260252366,N.A,65.08650516,N.A,N.A,N.A,N.A,9.347752715
Japan,2016,East Asia & Pacific,JPN,High income,2351.937302,1.85E-05,9636,7.59E-05,39493,0.000310982,1188.37619,9.36E-06,9952,7.84E-05,37598,0.00029606,698.0833333,5.50E-06,683,5.38E-06,5248,4.13E-05,40,3.15E-07,0.788562009,N.A,0.037146315,N.A,N.A,N.A,168905618,1.33002298,66,5.20E-07,38586,12.08119412,N.A,N.A,N.A,N.A,20.61593365,17.2716409,4.799043777,3.516713657,12.72629428,7.883557926,11.24597115,14.67084639,6.010532927,1.8086399,7.120644528,4.783753529,24.13842785,6.387921022,10.59407476,11.69565217,7.506687074,8.419910949,1.299545159,0.887323944,24.39024389,N.A,26.76212522,N.A,N.A,N.A,0.903086101,0.853528947,4.459459459,1.640378549,24.70674111,23.85941159,N.A,N.A,N.A,N.A,8.082169179
Netherlands,2016,Europe & Central Asia,NLD,High income,436.5075758,2.56E-05,4338,0.000254722,12996,0.00076311,469.2203102,2.76E-05,10895,0.000639742,29341,0.001722869,11.5,6.75E-07,11,6.46E-07,68,3.99E-06,51,2.99E-06,0.828584503,N.A,0.05340666,N.A,N.A,1.163658722,21276901,1.249354592,9,5.28E-07,N.A,29.52380952,N.A,N.A,N.A,N.A,3.82621221,23.9002166,2.160466159,11.80216517,4.187854063,19.34524149,4.440376807,43.26018809,6.580059912,14.75845545,5.556860235,27.8382107,0.397648686,0.783972125,0.170621995,1.404347826,0.097266525,0.813449024,1.656920078,8.422535211,25.6281407,N.A,38.47691817,N.A,N.A,34.18086128,0.113761009,0.801760816,0.608108108,1.665615142,N.A,58.30721003,N.A,N.A,N.A,N.A,9.477373433
Norway,2016,Europe & Central Asia,NOR,High income,149.8,2.86E-05,1281,0.000244722,4287,0.000818986,85.90952381,1.64E-05,1819,0.000347501,4689,0.000895784,6.5,1.24E-06,7,1.34E-06,29,5.54E-06,1,1.91E-07,0.095091301,N.A,0.072115585,N.A,N.A,N.A,9218723,1.761140422,8,1.53E-06,N.A,N.A,N.A,N.A,N.A,N.A,1.313073634,26.70102323,0.637979979,11.33883003,1.381450475,20.7617276,0.812988374,25.70532915,1.098589168,8.016634873,0.888044635,14.47412643,0.224757953,1.44018583,0.108577633,2.913043478,0.041481312,1.129450524,0.032488629,0.538028169,2.941176467,N.A,51.9557947,N.A,N.A,N.A,0.049289661,1.130194255,0.540540541,4.826498423,N.A,N.A,N.A,N.A,N.A,N.A,5.027814032
Portugal,2016,Europe & Central Asia,PRT,High income,292.0428571,2.83E-05,1361,0.00013181,6431,0.00062283,205.4690476,1.99E-05,3921,0.000379741,11638,0.001127118,3,2.91E-07,N.A,N.A,8,7.75E-07,3,2.91E-07,0.440877851,N.A,0.069608346,N.A,N.A,0.902395889,6381159,0.618002873,3,2.91E-07,N.A,35.19480519,N.A,N.A,N.A,N.A,2.559905045,26.42094256,0.677822601,6.107220383,2.072336833,15.78906941,1.944417097,31.19122257,2.368096826,8.760391894,2.204108224,18.21203374,0.10373444,0.337979094,N.A,N.A,0.011443121,0.15800075,0.097465887,0.81971831,13.63636365,N.A,50.14945014,N.A,N.A,26.50662786,0.034118084,0.396597164,0.202702703,0.917981073,N.A,69.50698204,N.A,N.A,N.A,N.A,7.810742542
Russia,2016,Europe & Central Asia,RUS,Upper middle income,304.1111111,2.11E-06,1476,1.02E-05,3859,2.67E-05,326.1333333,2.26E-06,1537,1.06E-05,5480,3.80E-05,6,4.16E-08,1,6.93E-09,48,3.33E-07,21,1.45E-07,1.234457982,N.A,0.043859389,N.A,N.A,N.A,3306389,0.022906569,8,5.54E-08,N.A,N.A,N.A,N.A,N.A,N.A,2.665689466,1.969900665,0.735096369,0.472601835,1.243530996,0.6768591,3.086300524,3.542319749,0.928274629,0.244535497,1.037851269,0.61400606,0.20746888,0.048315912,0.01551109,0.015065217,0.068658723,0.067889355,0.682261209,0.408450704,38.18181819,N.A,31.59857069,N.A,N.A,N.A,0.017678239,0.014700062,0.540540541,0.174763407,N.A,N.A,N.A,N.A,N.A,N.A,2.479407177
Singapore,2016,East Asia & Pacific,SGP,High income,559.3928571,9.98E-05,9539,0.00170118,22119,0.003944691,339.5333333,6.06E-05,13710,0.002445034,29054,0.005181476,10,1.78E-06,5,8.92E-07,61,1.09E-05,89,1.59E-05,1.313909942,N.A,0.043636162,N.A,N.A,1.288009174,38266885,6.82449682,19,3.39E-06,N.A,18.42022597,N.A,N.A,N.A,N.A,4.903364566,93.17350063,4.750734598,78.82164609,7.127665745,100,3.213108865,94.98432602,8.280185534,56.40543432,5.502505615,83.72257009,0.345781466,2.067363531,0.077555452,1.939130435,0.087253794,2.2222041,2.891487979,44.78873239,40.63926942,N.A,31.43774642,N.A,N.A,37.83348337,0.204601199,4.37955259,1.283783784,10.69400631,N.A,36.3785027,N.A,N.A,N.A,N.A,21.05987492
Sweden,2016,Europe & Central Asia,SWE,High income,355.6595238,3.58E-05,2873,0.000289527,8845,0.000891356,204.9726551,2.07E-05,4102,0.00041338,10787,0.001087061,17,1.71E-06,21,2.12E-06,119,1.20E-05,34,3.43E-06,0.695731292,N.A,0.108342841,N.A,N.A,1.393434082,45172357,4.552249326,30,3.02E-06,N.A,23.14536341,N.A,N.A,N.A,N.A,3.117537674,33.42295915,1.43084815,13.41480309,2.850228469,22.59634532,1.939719582,32.44514107,2.477412185,9.536422986,2.042938255,17.56479057,0.587828492,1.986062718,0.325732899,4.608695652,0.170216418,2.44646323,1.104613385,9.661971831,21.51898735,N.A,78.05578231,N.A,N.A,40.93019384,0.241522622,2.921360483,2.027027027,9.52681388,N.A,45.71027884,N.A,N.A,N.A,N.A,10.12951937
United States of America,2016,North America,USA,High income,9806.780592,3.04E-05,177731,0.000550129,277563,0.000859138,7297.912771,2.26E-05,121614,0.000376431,340068,0.00105261,2074.833333,6.42E-06,3638,1.13E-05,30220,9.35E-05,1185,3.67E-06,1.013820726,N.A,0.076876365,N.A,N.A,1.18354563,8295445893,25.67682371,1003,3.10E-06,N.A,27.02566047,N.A,N.A,N.A,N.A,85.96144883,28.38150721,88.51586234,25.48940932,89.44239284,21.779602,69.06240396,35.42319749,73.44905059,8.684032224,64.40511047,17.00812944,71.74389118,7.456445993,56.42934698,24.56521739,43.22638784,19.062026,38.49902534,10.33802817,31.357502,N.A,55.38570667,N.A,N.A,34.76501163,44.35318362,16.47784485,67.77027027,9.779179811,N.A,53.37356143,N.A,N.A,N.A,N.A,33.11624377
South Africa,2016,Sub-Saharan Africa,ZAF,Upper middle income,113.45,2.02E-06,318,5.66E-06,2039,3.63E-05,89.7020202,1.60E-06,837,1.49E-05,2939,5.23E-05,2,3.56E-08,N.A,N.A,11,1.96E-07,2,3.56E-08,0.80827606,N.A,0.046808511,N.A,N.A,1.074050117,1595627,0.028390094,2,3.56E-08,N.A,N.A,N.A,N.A,N.A,N.A,0.994447289,1.885876466,0.158374421,0.262247685,0.657050972,0.92022417,0.848877939,2.507836991,0.505508045,0.343733859,0.556614029,0.845066235,0.069156293,0.041347271,N.A,N.A,0.015734291,0.039958899,0.064977258,0.10028169,25.00000002,N.A,33.7232706,N.A,N.A,31.54873277,0.008531324,0.018219059,0.135135135,0.112302839,N.A,N.A,N.A,N.A,N.A,N.A,2.815652932
United Arab Emirates,2017,Middle East & North Africa,ARE,High income,88.93333333,9.37E-06,563,5.93E-05,3181,0.000335294,58.2,6.13E-06,651,6.86E-05,3677,0.000387575,62,6.54E-06,28,2.95E-06,511,5.39E-05,6,6.32E-07,0.671825361,N.A,0.053231228,N.A,N.A,N.A,4815367,0.507564453,5,5.27E-07,N.A,N.A,N.A,N.A,N.A,N.A,0.779546163,8.747852715,0.28039245,2.747577336,1.025051075,8.499879965,0.550764587,9.60815047,0.393172924,1.582559913,0.69638305,6.26245786,2.14384509,7.595818815,0.434310532,6.413043478,0.730929324,10.98869734,0.194931774,1.78028169,20.77957627,N.A,38.35052789,N.A,N.A,N.A,0.025746278,0.325724412,0.337837838,1.662460568,N.A,N.A,N.A,N.A,N.A,N.A,3.692708883
Australia,2017,East Asia & Pacific,AUS,High income,1016.395635,4.13E-05,9077,0.000368956,35170,0.001429567,865.246176,3.52E-05,16229,0.000659666,62163,0.00252676,35.33333333,1.44E-06,71,2.89E-06,189,7.68E-06,276,1.12E-05,1.150147624,N.A,0.06889537,N.A,N.A,1.718185008,62655176,2.546765814,31,1.26E-06,N.A,32.50086625,N.A,N.A,N.A,N.A,8.909227707,38.5577713,4.520643458,17.09502772,11.33324311,36.24027839,8.188091966,55.17241379,9.801541286,15.21808991,11.77298329,40.82752505,1.22176118,1.672473868,1.101287421,6.282608696,0.270343723,1.565736467,8.966861598,31.54929577,35.57409658,N.A,49.63578538,N.A,N.A,50.46930195,0.334997848,1.634361494,2.094594595,3.974763407,N.A,64.18666376,N.A,N.A,N.A,N.A,14.3936603
Austria,2017,Europe & Central Asia,AUT,High income,222.5359649,2.53E-05,1722,0.000195736,6641,0.000754868,154.3231602,1.75E-05,2878,0.000327136,10943,0.001243867,3,3.41E-07,N.A,N.A,3,3.41E-07,56,6.37E-06,0.828842016,N.A,0.090992339,N.A,N.A,N.A,12472961,1.417774075,8,9.09E-07,N.A,21.53897849,N.A,N.A,N.A,N.A,1.950641577,23.62013593,0.857612431,9.069136552,2.140007605,19.13630244,1.460407758,27.42946708,1.738174615,7.546826817,2.072482927,20.09847041,0.10373444,0.396051103,N.A,N.A,0.00429117,0.06952033,1.819363223,17.94366197,25.63610558,N.A,65.55558392,N.A,N.A,N.A,0.066689065,0.909842335,0.540540541,2.867507886,N.A,42.53779451,N.A,N.A,N.A,N.A,7.654732006
Belgium,2017,Europe & Central Asia,BEL,High income,235.8833333,2.07E-05,1210,0.000106372,6275,0.000551641,259.2251804,2.28E-05,3449,0.000303205,19059,0.001675493,5.333333333,4.69E-07,2,1.76E-07,24,2.11E-06,15,1.32E-06,0.623063843,N.A,0.095761709,N.A,N.A,1.313173783,49875836,4.384627976,7,6.15E-07,N.A,32.99832174,N.A,N.A,N.A,N.A,2.067638089,19.32556576,0.602619652,4.928588473,2.022067117,13.98439067,2.453127995,35.73667712,2.083031357,6.994753329,3.609563383,27.07270672,0.184416782,0.544715447,0.031022181,0.382608696,0.034329362,0.430169785,0.487329435,3.718309859,19.27138122,N.A,68.99168457,N.A,N.A,38.57265886,0.26667067,2.813791158,0.472972973,1.940063091,N.A,65.16909937,N.A,N.A,N.A,N.A,9.005332031
Brazil,2017,Latin America & Caribbean,BRA,Upper middle income,716.1565998,3.45E-06,1435,6.90E-06,15404,7.41E-05,474.5156566,2.28E-06,3628,1.75E-05,23334,0.000112272,2,9.62E-09,2,9.62E-09,7,3.37E-08,30,1.44E-07,0.868088949,N.A,0.02956751,N.A,N.A,1.632207472,6950496,0.033442563,8,3.85E-08,1001,22.25934303,N.A,N.A,N.A,N.A,6.277478968,3.220927627,0.714677026,0.319701242,4.963812249,1.878474131,4.490488306,3.573667712,2.191138812,0.403714264,4.419201006,1.814097062,0.069156293,0.011173055,0.031022181,0.020913043,0.01001273,0.006870484,0.974658869,0.405633803,26.85001426,N.A,21.30196239,N.A,N.A,47.94383106,0.037162152,0.02146143,0.540540541,0.121451104,0.640943551,43.96045803,N.A,N.A,N.A,N.A,4.922628983
Canada,2017,North America,CAN,High income,1270.518687,3.48E-05,12090,0.000330868,38037,0.001040961,1059.449856,2.90E-05,14395,0.000393949,62593,0.001712987,387,1.06E-05,136,3.72E-06,1953,5.34E-05,192,5.25E-06,1.009109113,N.A,0.072695442,N.A,N.A,1.731744946,409758196,11.21388042,92,2.52E-06,N.A,33.24904791,N.A,N.A,N.A,N.A,11.13674626,32.48935693,6.021216196,15.33027687,12.25711026,26.38891107,10.02590141,45.45454545,8.693892835,9.088161737,11.85442053,27.6785368,13.38174274,12.31126597,2.109508298,8.086956522,2.793551802,10.88676137,6.237816764,14.78873239,31.21177168,N.A,52.37355365,N.A,N.A,50.86760633,2.190850346,7.196395622,6.216216216,7.949526814,N.A,65.6642639,N.A,N.A,N.A,N.A,14.18571102
Switzerland,2017,Europe & Central Asia,CHE,High income,420.9,4.98E-05,5726,0.000677486,16632,0.001967856,305.6351732,3.62E-05,5723,0.000677131,23235,0.002749106,56,6.63E-06,8,9.47E-07,400,4.73E-05,149,1.76E-05,1.05129932,N.A,0.120838128,N.A,N.A,1.55615006,78419588,9.278404229,17,2.01E-06,N.A,22.19168791,N.A,N.A,N.A,N.A,3.689403823,46.4933901,2.851735644,31.39030657,5.359525145,49.8861888,2.8923201,56.73981191,3.456418805,15.62099674,4.400451503,44.42020377,1.93637621,7.700348432,0.124088723,2.058695652,0.572156027,9.643142564,4.840805718,49.57746479,32.51671591,N.A,87.05803288,N.A,N.A,45.70975006,0.419285284,5.954323131,1.148648649,6.340694006,N.A,43.82684447,N.A,N.A,N.A,N.A,15.73967015
China,2017,East Asia & Pacific,CHN,Upper middle income,8568.435207,6.18E-06,36164,2.61E-05,205035,0.000147891,7047.010534,5.08E-06,88554,6.39E-05,373900,0.000269692,248.3333333,1.79E-07,63,4.54E-08,1106,7.98E-07,854,6.16E-07,1.400848592,N.A,0.059258241,N.A,N.A,0.963617508,6152114476,4.43749038,152,1.10E-07,156176,N.A,N.A,N.A,N.A,N.A,75.10671802,5.769661663,18.01085711,1.209304696,66.07084163,3.74911495,66.68803855,7.962382445,53.48238875,1.474133796,70.81251633,4.357697956,8.586906407,0.207897793,0.977198697,0.098695652,1.582011415,0.162689805,27.74528915,1.735211268,43.32828418,N.A,42.69269955,N.A,N.A,28.30492802,32.89345341,2.847715077,10.27027027,0.347003155,100,N.A,N.A,N.A,N.A,N.A,18.79094194
Germany,2017,Europe & Central Asia,DEU,High income,1971.35119,2.38E-05,16325,0.000197503,56963,0.000689149,1274.049026,1.54E-05,16952,0.000205088,80515,0.000974086,345.5,4.18E-06,153,1.85E-06,1536,1.86E-05,327,3.96E-06,0.838777978,N.A,0.073728599,N.A,N.A,1.488873208,314707514,3.807390861,40,4.84E-07,N.A,26.12145599,N.A,N.A,N.A,N.A,17.27990168,22.21973262,8.130384979,9.15100787,18.35585803,17.47029108,12.05671968,24.13793103,10.23819877,4.731254336,15.24864871,15.73933439,11.94674965,4.854819977,2.373196836,4.02173913,2.197079143,3.792018006,10.62378168,11.15492958,25.94342515,N.A,53.11789335,N.A,N.A,43.73358582,1.682643746,2.443355011,2.702702703,1.52681388,N.A,51.58782845,N.A,N.A,N.A,N.A,11.34616181
Denmark,2017,Europe & Central Asia,DNK,High income,160.9666667,2.79E-05,968,0.00016791,4433,0.000768953,140.2409091,2.43E-05,2210,0.000383349,8737,0.00151553,1,1.73E-07,N.A,N.A,14,2.43E-06,18,3.12E-06,0.458969801,N.A,0.014914461,N.A,N.A,1.188931391,12642232,2.192935969,11,1.91E-06,N.A,34.48504983,N.A,N.A,N.A,N.A,1.410955181,26.04750168,0.482095722,7.779860212,1.428497773,19.49336463,1.327143064,38.08777429,1.334734503,8.84362624,1.654690974,24.48801589,0.034578147,0.200929152,N.A,N.A,0.020025461,0.495408804,0.584795322,8.788732394,14.19594814,N.A,10.74514855,N.A,N.A,34.92321089,0.067594105,1.407294729,0.743243243,6.025236593,N.A,68.10527083,N.A,N.A,N.A,N.A,7.742102126
Spain,2017,Europe & Central Asia,ESP,High income,912.8637427,1.96E-05,4328,9.29E-05,25356,0.000544199,909.3335137,1.95E-05,9350,0.000200673,49671,0.001066056,6.333333333,1.36E-07,1,2.15E-08,38,8.16E-07,88,1.89E-06,0.895767148,N.A,0.107071042,N.A,N.A,1.395698211,49453281,1.061383266,31,6.65E-07,N.A,36.6427067,N.A,N.A,N.A,N.A,8.001717706,18.29860333,2.155485831,4.304383382,8.17076236,13.79573204,8.605304068,30.56426332,5.646953665,4.629402994,9.407136932,17.22539064,0.218994929,0.157955865,0.01551109,0.04673913,0.054354823,0.1663595,2.85899935,5.323943662,27.70610169,N.A,77.13951258,N.A,N.A,40.99669949,0.264411399,0.681132097,2.094594595,2.097791798,N.A,72.36647405,N.A,N.A,N.A,N.A,10.08318645
Finland,2017,Europe & Central Asia,FIN,High income,236.1083333,4.29E-05,1236,0.000224392,7128,0.001294067,172.6722944,3.13E-05,2338,0.000424457,11643,0.002113752,30,5.45E-06,20,3.63E-06,209,3.79E-05,9,1.63E-06,0.406631139,N.A,0.102928258,N.A,N.A,1.574640478,44263322,8.035875512,22,3.99E-06,N.A,19.58689459,N.A,N.A,N.A,N.A,2.069610329,40.05153484,0.615568504,10.39686971,2.296939348,32.80528183,1.634051286,49.05956113,1.412040392,9.79196258,2.205055169,34.1541194,1.037344398,6.329849013,0.310221809,7.891304348,0.298951524,7.726746367,0.292397661,4.591549296,12.57711194,N.A,74.15483687,N.A,N.A,46.25288044,0.236662293,5.156942752,1.486486486,12.58675079,N.A,38.6825818,N.A,N.A,N.A,N.A,11.28070034
France,2017,Europe & Central Asia,FRA,High income,1243.489176,1.86E-05,5725,8.56E-05,36004,0.000538457,868.0541486,1.30E-05,11932,0.000178449,60604,0.000906362,656.6666667,9.82E-06,310,4.64E-06,3407,5.10E-05,121,1.81E-06,0.72133101,N.A,0.120088644,N.A,N.A,1.450087974,294523596,4.404740323,92,1.38E-06,N.A,32.50770727,N.A,N.A,N.A,N.A,10.89981877,17.36500112,2.851237611,3.966148735,11.60199274,13.6501693,8.214664679,20.37617555,7.206358409,4.116708949,11.47772597,14.64504633,22.70631628,11.40534262,4.808438033,10.08695652,4.87333896,10.39746873,3.931124107,5.098591549,22.31078731,N.A,86.51806587,N.A,N.A,42.59432336,1.574726579,2.826698055,6.216216216,4.353312303,N.A,64.20017424,N.A,N.A,N.A,N.A,11.9520258
United Kingdom,2017,Europe & Central Asia,GBR,High income,1995.115366,3.02E-05,20150,0.000305031,66928,0.001013157,1876.11057,2.84E-05,29779,0.000450795,123448,0.001868758,314,4.75E-06,78,1.18E-06,1423,2.15E-05,355,5.37E-06,0.891943751,N.A,0.075981379,N.A,N.A,1.550292731,1066648111,16.14693513,174,2.63E-06,N.A,26.99048585,N.A,N.A,N.A,N.A,17.48820684,28.19478677,10.03536033,14.13315788,21.56699729,25.68406499,17.75421413,44.51410658,17.98509446,10.39956408,23.37968311,30.19549307,10.85753804,5.516840883,1.209865054,2.565217391,2.035445066,4.38324662,11.53346329,15.12676056,27.58784392,N.A,54.7409125,N.A,N.A,45.53769914,5.703037562,10.36213415,11.75675676,8.296529968,N.A,53.30409432,N.A,N.A,N.A,N.A,14.77355874
India,2017,South Asia,IND,Lower middle income,3495.969298,2.61E-06,5044,3.77E-06,54749,4.09E-05,2119.121212,1.58E-06,12717,9.50E-06,73317,5.48E-05,33.5,2.50E-08,8,5.98E-09,117,8.74E-08,100,7.47E-08,1.256258805,N.A,0.065101907,N.A,N.A,1.557756725,173576985,0.129664841,67,5.01E-08,1712,24.5058768,N.A,N.A,N.A,N.A,30.64395936,2.43670177,2.512077295,0.174677345,17.64241475,1.036836599,20.05389894,2.476489028,7.680460936,0.219159172,13.88542728,0.885461371,1.158367911,0.029036005,0.124088723,0.013,0.167355638,0.017818407,3.248862898,0.210422535,38.85611822,N.A,46.90277857,N.A,N.A,45.75694361,0.928062456,0.083211115,4.527027027,0.158044164,1.09619916,48.39718616,N.A,N.A,N.A,N.A,8.092280179
Ireland,2017,Europe & Central Asia,IRL,High income,147.1261905,3.06E-05,609,0.00012668,3044,0.000633192,71,1.48E-05,825,0.000171611,4276,0.000889464,2,4.16E-07,1,2.08E-07,9,1.87E-06,18,3.74E-06,0.772599165,N.A,0.093963824,N.A,N.A,1.338267363,77054218,16.02829187,23,4.78E-06,N.A,34.37931034,N.A,N.A,N.A,N.A,1.289636326,28.56822765,0.303301957,5.86952946,0.980903953,16.05175158,0.671894942,23.19749216,0.498260617,3.958960484,0.809827012,14.37200753,0.069156293,0.483159117,0.01551109,0.452173913,0.012873511,0.38124052,0.584795322,10.53521127,23.89651271,N.A,67.69639529,N.A,N.A,39.30974798,0.411985073,10.28599603,1.554054054,15.07886435,N.A,67.89644362,N.A,N.A,N.A,N.A,9.312108717
Israel,2017,Middle East & North Africa,ISR,High income,225.35,2.59E-05,2280,0.000261669,7512,0.00086213,171.5719697,1.97E-05,2016,0.00023137,10238,0.001174985,19,2.18E-06,10,1.15E-06,73,8.38E-06,67,7.69E-06,0.6662052,N.A,0.068124682,N.A,N.A,1.496454259,671956595,77.11849644,93,1.07E-05,N.A,29.08013886,N.A,N.A,N.A,N.A,1.975308034,24.18029726,1.135514717,12.12404408,2.420680188,21.85545078,1.623638573,30.87774295,1.217567763,5.337563951,1.93896374,18.98547132,0.656984786,2.531939605,0.155110904,2.5,0.104418475,1.708446822,2.176738142,21.66197183,20.60574454,N.A,49.08054191,N.A,N.A,43.95626868,3.592744094,49.49002391,6.283783784,33.75394322,N.A,57.43099525,N.A,N.A,N.A,N.A,11.64894165
Italy,2017,Europe & Central Asia,ITA,High income,955.1352073,1.58E-05,4999,8.26E-05,28935,0.000477974,799.669228,1.32E-05,9585,0.000158334,49040,0.000810087,141.5,2.34E-06,23,3.80E-07,566,9.35E-06,151,2.49E-06,0.798511115,N.A,0.112670794,N.A,N.A,1.238179669,9231703,0.152497603,14,2.31E-07,N.A,31.65134893,N.A,N.A,N.A,N.A,8.372248719,14.75091493,2.48966582,3.827148195,9.32406566,12.11689331,7.567517041,20.68965517,5.788882447,3.65266824,9.287632525,13.08942966,4.892807746,2.717770035,0.35675508,0.826086957,0.809600778,1.9062026,4.905782976,7.014084507,24.69797001,N.A,81.17386334,N.A,N.A,36.36981076,0.049359061,0.097863812,0.945945946,0.728706625,N.A,62.50893363,N.A,N.A,N.A,N.A,9.471062933
Japan,2017,East Asia & Pacific,JPN,High income,2361.074242,1.86E-05,4989,3.93E-05,40853,0.000322221,1183.997763,9.34E-06,7522,5.93E-05,42261,0.000333326,785.6666667,6.20E-06,244,1.92E-06,3574,2.82E-05,125,9.86E-07,1.018722528,N.A,0.038074002,N.A,N.A,N.A,257619827,2.031929704,94,7.41E-07,45647,12.00379474,N.A,N.A,N.A,N.A,20.69602361,17.36500112,2.484685492,1.820907071,13.16454309,8.168472512,11.20453674,14.63949843,4.542928927,1.368014619,8.003765052,5.385899577,27.16689719,7.200929152,3.784706065,4.173913043,5.112214101,5.74918859,4.061078622,2.777464789,31.50911486,N.A,27.43047888,N.A,N.A,N.A,1.37741354,1.303970568,6.351351351,2.337539432,29.22792234,23.70655388,N.A,N.A,N.A,N.A,8.114305907
Netherlands,2017,Europe & Central Asia,NLD,High income,358.7845238,2.09E-05,5716,0.000333658,12528,0.000731293,495.6093074,2.89E-05,8325,0.000485953,31989,0.001867284,21,1.23E-06,17,9.92E-07,247,1.44E-05,98,5.72E-06,0.974449397,N.A,0.058963384,N.A,N.A,1.529094538,47781523,2.789136502,14,8.17E-07,N.A,38.58695652,N.A,N.A,N.A,N.A,3.144929898,19.51228621,2.846755316,15.45954737,4.037044914,18.53866374,4.690104043,45.29780564,5.027902595,11.21063757,6.058362089,30.17167609,0.726141079,1.428571429,0.263688537,2.156521739,0.353306347,2.935755876,3.18388564,16.11267606,30.13974574,N.A,42.48026933,N.A,N.A,44.91503162,0.255473026,1.789900459,0.945945946,2.577287066,N.A,76.20621508,N.A,N.A,N.A,N.A,10.90183696
Norway,2017,Europe & Central Asia,NOR,High income,148.6916667,2.82E-05,767,0.000145349,4027,0.000763128,107.1267316,2.03E-05,1727,0.000327271,7136,0.001352292,4.5,8.53E-07,N.A,N.A,41,7.77E-06,10,1.90E-06,0.459880455,N.A,0.076745629,N.A,N.A,N.A,36740956,6.962512564,11,2.08E-06,N.A,N.A,N.A,N.A,N.A,N.A,1.303358526,26.32758234,0.381991135,6.734529819,1.297667614,19.3456978,1.013773368,31.81818182,1.043025559,7.549941185,1.351479317,21.85040744,0.15560166,0.990708479,N.A,N.A,0.058645993,1.584084941,0.32488629,5.352112676,14.22411469,N.A,55.2915177,N.A,N.A,N.A,0.196442529,4.468122813,0.743243243,6.561514196,N.A,N.A,N.A,N.A,N.A,N.A,5.832461976
Portugal,2017,Europe & Central Asia,PRT,High income,283.2706349,2.75E-05,777,7.54E-05,6986,0.000678233,193.1595238,1.88E-05,1894,0.000183878,10875,0.001055794,5.333333333,5.18E-07,1,9.71E-08,12,1.17E-06,9,8.74E-07,0.772599165,N.A,0.072758898,N.A,N.A,1.493935614,51120000,4.962962244,3,2.91E-07,N.A,40,N.A,N.A,N.A,N.A,2.48301203,25.6740608,0.386971463,3.4935469,2.251181016,17.19356472,1.827928269,29.46708464,1.143885587,4.241952648,2.05960448,17.05957668,0.184416782,0.601626016,0.01551109,0.211086957,0.017164681,0.238530165,0.292397661,2.461971831,23.89651271,N.A,52.41927063,N.A,N.A,43.88228698,0.27332283,3.184931391,0.202702703,0.917981073,N.A,78.99686521,N.A,N.A,N.A,N.A,8.752192998
Russia,2017,Europe & Central Asia,RUS,Upper middle income,335.5833333,2.32E-06,944,6.53E-06,4547,3.15E-05,334.8945887,2.32E-06,874,6.05E-06,7825,5.42E-05,19,1.31E-07,1,6.92E-09,132,9.14E-07,23,1.59E-07,0.665534861,N.A,0.046259318,N.A,N.A,N.A,52604240,0.364051397,10,6.92E-08,N.A,N.A,N.A,N.A,N.A,N.A,2.941559594,2.165957129,0.470142935,0.302557842,1.465233335,0.798541635,3.169210991,3.636363636,0.527854278,0.139569788,1.481968281,0.875766538,0.656984786,0.152148664,0.01551109,0.015043478,0.188811489,0.186338949,0.747238467,0.447887324,20.58501094,N.A,33.32760358,N.A,N.A,N.A,0.281258602,0.233626344,0.675675676,0.21829653,N.A,N.A,N.A,N.A,N.A,N.A,2.102948942
Singapore,2017,East Asia & Pacific,SGP,High income,511.8666667,9.12E-05,5599,0.000997639,20409,0.003636507,340.5914141,6.07E-05,10036,0.00178823,31058,0.005533963,28,4.99E-06,10,1.78E-06,256,4.56E-05,117,2.08E-05,1.120125183,N.A,0.047267675,N.A,N.A,2.180677592,93025573,16.57544181,28,4.99E-06,N.A,16.22680623,N.A,N.A,N.A,N.A,4.486773194,85.14452162,2.788485482,46.22411984,6.576632316,92.18737285,3.223121811,95.14106583,6.061264918,41.253369,5.882041006,89.41807414,0.968188105,5.795586527,0.155110904,3.869565217,0.366179857,9.296560273,3.801169591,58.5915493,34.64550168,N.A,34.05407608,N.A,N.A,64.05438026,0.497378968,10.63712403,1.891891892,15.74132492,N.A,32.04667061,N.A,N.A,N.A,N.A,20.96664167
Sweden,2017,Europe & Central Asia,SWE,High income,269.6609649,2.68E-05,1333,0.000132535,7354,0.000731181,226.6640693,2.25E-05,3181,0.000316275,14394,0.001431143,17.5,1.74E-06,7,6.96E-07,80,7.95E-06,30,2.98E-06,0.415375895,N.A,0.109359048,N.A,N.A,1.856150241,50874375,5.058252395,21,2.09E-06,N.A,23.52631579,N.A,N.A,N.A,N.A,2.36371631,25.02053925,0.663877683,6.14081218,2.369765988,18.53582448,2.144992138,35.26645768,1.921172151,7.296270211,2.726064082,23.12448617,0.605117566,2.020905923,0.108577633,1.513043478,0.114431205,1.62078189,0.974658869,8.394366197,12.84758747,N.A,78.78791036,N.A,N.A,54.52183935,0.272009549,3.246082892,1.418918919,6.593059937,N.A,46.46262993,N.A,N.A,N.A,N.A,9.640997208
United States of America,2017,North America,USA,High income,9944.02489,3.06E-05,114252,0.000351386,285753,0.000878842,7564.990296,2.33E-05,107376,0.000330238,393107,0.001209013,2765.5,8.51E-06,2167,6.66E-06,20639,6.35E-05,2009,6.18E-06,1.05977859,N.A,0.088460162,N.A,N.A,1.566601186,12388376680,38.10083461,1234,3.80E-06,N.A,26.18654299,N.A,N.A,N.A,N.A,87.16446531,28.56822765,56.9012401,16.28094789,92.08155295,22.27910881,71.58984112,36.52037618,64.84997826,7.618388054,74.45010928,19.53529759,95.62586445,9.883855981,33.61253296,14.47826087,29.5218206,12.94586792,65.26965562,17.4084507,32.77897995,N.A,63.73127273,N.A,N.A,46.01673739,66.2368187,24.45082961,83.37837838,11.9873817,N.A,51.71637017,N.A,N.A,N.A,N.A,34.3578503
South Africa,2017,Sub-Saharan Africa,ZAF,Upper middle income,118.4761905,2.08E-06,224,3.93E-06,2469,4.33E-05,83.45,1.46E-06,731,1.28E-05,3482,6.11E-05,0.5,8.77E-09,N.A,N.A,N.A,N.A,2,3.51E-08,0.468241918,N.A,0.050120778,N.A,N.A,1.590526663,5071839,0.088978928,5,8.77E-08,N.A,N.A,N.A,N.A,N.A,N.A,1.03850442,1.941892598,0.111559341,0.182090707,0.795614934,1.097677866,0.78971314,2.288401254,0.441489105,0.295288147,0.659452211,0.987257112,0.017289073,0.01018583,N.A,N.A,N.A,N.A,0.064977258,0.098873239,14.48273497,N.A,36.10959894,N.A,N.A,46.7195151,0.027117555,0.057101337,0.337837838,0.276656151,N.A,N.A,N.A,N.A,N.A,N.A,3.023078559
United Arab Emirates,2018,Middle East & North Africa,ARE,High income,103.2333333,1.07E-05,198,2.06E-05,3140,0.000326032,73.26666667,7.61E-06,399,4.14E-05,5154,0.000535149,40,4.15E-06,2,2.08E-07,349,3.62E-05,14,1.45E-06,1.155230861,0.186440677,0.055519734,0.39672,6,N.A,56856411,5.903504625,10,1.04E-06,N.A,N.A,N.A,0.05612,N.A,1,0.904892978,9.989543655,0.098610489,0.954470373,1.011839163,8.265083374,0.69334511,11.92789969,0.240976953,0.955072601,0.976110482,8.646966552,1.383125864,4.819976771,0.031022181,0.452173913,0.499206134,7.380164076,0.454840806,4.084507042,35.73132123,18.6440677,39.99928589,15.0863036,3.821656051,N.A,0.303993645,3.788515059,0.675675676,3.280757098,N.A,N.A,N.A,2.076933895,N.A,0.787401575,5.221270545
Australia,2018,East Asia & Pacific,AUS,High income,1057.647655,4.23E-05,3275,0.00013104,37636,0.0015059,1049.783333,4.20E-05,9594,0.000383877,82062,0.003283482,29.5,1.18E-06,145,5.80E-06,288,1.15E-05,383,1.53E-05,1.141056803,0.593220353,0.065224104,0.62754,23,2.647439735,166493892,6.661789125,37,1.48E-06,N.A,26.79131054,0.49412,0.61918,3,17,9.270822766,39.49137352,1.631057324,6.071543578,12.12789131,38.17536025,9.934424114,65.830721,5.794318017,8.855806876,15.54163337,53.05468015,1.020055325,1.370499419,2.249108112,12.60869565,0.411952339,2.344527262,12.4431449,43.09859155,35.29291724,59.3220353,46.9908156,23.86383082,14.64968153,77.76487094,0.890191348,4.275136554,2.5,4.668769716,N.A,52.91073869,19.17981562,22.91510921,5.454545455,13.38582677,20.14973588
Austria,2018,Europe & Central Asia,AUT,High income,228.4075758,2.58E-05,537,6.07E-05,6511,0.000735953,172.9929293,1.96E-05,1261,0.000142534,12610,0.001425336,3.166666667,3.58E-07,N.A,N.A,36,4.07E-06,66,7.46E-06,0.670600431,0.898305059,0.096432917,N.A,N.A,N.A,25973612,2.935854343,18,2.03E-06,N.A,25.41103237,N.A,N.A,N.A,N.A,2.00210925,24.08693704,0.267443598,2.812444255,2.098116175,18.6567972,1.637085553,30.72100313,0.761583804,3.288171933,2.388194252,23.03065635,0.109497464,0.415795587,N.A,N.A,0.051494042,0.829758779,2.144249513,21.01408451,20.74168915,89.8305059,69.4752575,N.A,N.A,N.A,0.13887287,1.884055166,1.216216216,6.403785489,N.A,50.18479748,N.A,N.A,N.A,N.A,10.44973895
Belgium,2018,Europe & Central Asia,BEL,High income,279.4833333,2.45E-05,495,4.33E-05,6549,0.000573364,282.7111833,2.48E-05,1568,0.000137278,19949,0.001746531,1.5,1.31E-07,N.A,N.A,6,5.25E-07,36,3.15E-06,0.671435549,0.915254235,0.097999722,0.57167,15,1.615986745,106829917,9.352940028,13,1.14E-06,N.A,30.87467167,0.53131,0.5947,3,12,2.449814394,22.87325416,0.246526221,2.006241124,2.110361362,14.53508019,2.675383299,38.87147335,0.946997149,3.166919238,3.77811952,28.22054257,0.05186722,0.152148664,N.A,N.A,0.00858234,0.107032766,1.169590643,8.873239437,20.76751937,91.5254235,70.6040648,21.73922964,9.554140127,47.4673697,0.571186526,6.002155734,0.878378378,3.596214511,N.A,60.97505691,20.62338671,22.00913377,5.454545455,9.448818898,14.54054994
Brazil,2018,Latin America & Caribbean,BRA,Upper middle income,803.3412698,3.84E-06,346,1.65E-06,18170,8.67E-05,517.247619,2.47E-06,1616,7.71E-06,25489,0.000121684,0.5,2.39E-09,N.A,N.A,N.A,N.A,50,2.39E-07,0.709126087,0.355932206,0.034350634,0.57341,22,2.858831688,10418948,0.04973973,9,4.30E-08,2196,25.25119044,0.22283,0.56591,1,18,7.041697202,3.585032489,0.172319339,0.076450297,5.855132989,2.197890785,4.894874073,3.871473354,0.975986858,0.17786497,4.827334124,1.966176668,0.017289073,0.002775842,N.A,N.A,N.A,N.A,1.624431449,0.673239437,21.93328872,35.5932206,24.74797213,21.80539764,14.01273885,83.97421641,0.055706893,0.031919974,0.608108108,0.135646688,1.406105932,49.86912219,8.649393498,20.9436504,1.818181818,14.17322835,9.381051865
Canada,2018,North America,CAN,High income,1293.550036,3.49E-05,3777,0.000101919,37945,0.001023912,1179.813864,3.18E-05,7114,0.000191965,75954,0.002049551,287.1666667,7.75E-06,13,3.51E-07,1137,3.07E-05,315,8.50E-06,0.981417522,0.559322059,0.073404469,0.84066,40,2.395845507,795957632,21.478203,132,3.56E-06,3600,32.23143553,0.7506,0.83828,11,30,11.33862782,32.58271716,1.881069774,4.722265338,12.22746402,25.95670992,11.16494321,49.84326019,4.296516403,4.428514777,14.38484586,33.11675616,9.929691103,9.00116144,0.201644176,0.763043478,1.626353507,6.258868429,10.23391813,23.94366197,30.35527004,55.9322059,52.88437335,31.96826978,25.47770701,70.37463938,4.255739289,13.78342199,8.918918919,11.23028391,2.305091691,63.6545592,29.13537118,31.02373744,20,23.62204724,20.63399081
Switzerland,2018,Europe & Central Asia,CHE,High income,482.3611472,5.66E-05,2555,0.000300004,18013,0.00211506,372.4091381,4.37E-05,3203,0.000376092,29079,0.003414414,46.83333333,5.50E-06,1,1.17E-07,270,3.17E-05,228,2.68E-05,1.141275866,0.796610177,0.126357213,0.68329,25,1.768821659,190892674,22.41433807,26,3.05E-06,N.A,24.52997564,0.9401,0.7354,7,15,4.228142221,52.84188513,1.272473729,13.90023931,5.804541031,53.61788794,3.524222766,68.49529781,1.9344591,8.676211702,5.507240338,55.1702865,1.619409866,6.387921022,0.01551109,0.254347826,0.386205318,6.462740365,7.407407407,75.49295775,35.29969286,79.6610177,91.03426697,25.9838687,15.92356688,51.95668336,1.02064409,14.38417731,1.756756757,9.621451104,N.A,48.44477948,36.49102377,27.21627203,12.72727273,11.81102362,23.23144127
China,2018,East Asia & Pacific,CHN,Upper middle income,9144.091667,6.57E-06,13491,9.69E-06,234790,0.000168583,10567.12821,7.59E-06,46107,3.31E-05,528014,0.000379122,230.1666667,1.65E-07,10,7.18E-09,396,2.84E-07,1509,1.08E-06,1.481815238,0.830508471,0.059452055,1.56916,57,1.127617247,14359035272,10.30999208,315,2.26E-07,154032,N.A,N.A,N.A,N.A,N.A,80.15264138,6.133766525,6.718960108,0.448971744,75.65914554,4.273668077,100,11.89655172,27.84642702,0.763596693,100,6.125873828,7.958736746,0.191637631,0.155110904,0.015608696,0.566434467,0.05789963,49.02534113,3.042253521,45.83258469,83.0508471,42.83233318,59.67136561,36.30573248,33.12219293,76.77332071,6.616334318,21.28378378,0.712933754,98.62718984,N.A,N.A,N.A,N.A,N.A,27.38503455
Germany,2018,Europe & Central Asia,DEU,High income,2081.449639,2.51E-05,4262,5.14E-05,50594,0.000610096,1357.839694,1.64E-05,7338,8.85E-05,87290,0.001052601,254.8333333,3.07E-06,54,6.51E-07,728,8.78E-06,501,6.04E-06,0.841607113,0.949152529,0.074165158,N.A,N.A,2.004983604,352315963,4.248460042,61,7.36E-07,26700,24.82405469,N.A,N.A,N.A,N.A,18.24497091,23.43341549,2.122615668,2.381542582,16.30350019,15.46625579,12.84965666,25.70532915,4.43180171,2.041640704,16.53175863,17.00798402,8.81166436,3.56562137,0.837598883,1.415217391,1.041323969,1.789995596,16.27680312,17.01408451,26.03093037,94.9152529,53.43241302,N.A,N.A,58.893613,1.883724492,2.726406748,4.121621622,2.321766562,17.09609671,49.02556256,N.A,N.A,N.A,N.A,14.3811158
Denmark,2018,Europe & Central Asia,DNK,High income,168.9805556,2.91E-05,376,6.49E-05,5019,0.000865726,162.2484127,2.80E-05,897,0.000154723,10759,0.001855817,2,3.45E-07,N.A,N.A,6,1.03E-06,33,5.69E-06,0.702034826,0.762711883,0.014851485,0.48657,9,1.890044479,52315737,9.023928295,12,2.07E-06,N.A,39.2469546,0.32139,0.60347,2,7,1.481201017,27.16782433,0.187260322,3.007045011,1.617331451,21.94661128,1.535406872,43.88714734,0.54174518,3.569364685,2.037635366,29.98639169,0.069156293,0.400696864,N.A,N.A,0.00858234,0.209988094,1.072124756,16.02816901,21.71395582,76.2711883,10.69977739,18.50308214,5.732484076,55.51743559,0.279716066,5.791015745,0.810810811,6.529968454,N.A,77.50965956,12.47510917,22.33370095,3.636363636,5.511811024,13.27971557
Spain,2018,Europe & Central Asia,ESP,High income,819.0757937,1.75E-05,1523,3.26E-05,21025,0.000449985,962.8832723,2.06E-05,4989,0.000106777,59798,0.00127982,3.333333333,7.13E-08,N.A,N.A,30,6.42E-07,134,2.87E-06,0.781344581,0.525423706,0.107824594,0.89421,38,1.878981255,116828242,2.500403852,31,6.63E-07,5300,33.26728173,0.74751,0.83337,6,29,7.179618353,16.33803869,0.75850391,1.510472532,6.775133247,11.40735738,9.112061983,32.28840125,3.013117843,2.463279881,11.3250785,20.67940094,0.115260489,0.082810685,N.A,N.A,0.042911702,0.130885783,4.353476283,8.084507042,24.16700865,52.5423706,77.68241039,34.00464697,24.20382166,55.19246873,0.624644478,1.604609168,2.094594595,2.09148265,3.393607212,65.70027427,29.0154294,30.84202423,10.90909091,22.83464567,15.90454017
Finland,2018,Europe & Central Asia,FIN,High income,263.8388889,4.78E-05,373,6.76E-05,6218,0.001126847,176.1904762,3.19E-05,1002,0.000181586,12834,0.002325822,42.83333333,7.76E-06,1,1.81E-07,155,2.81E-05,12,2.17E-06,0.314197405,1,0.101763345,0.66529,11,1.794207839,20500910,3.715245422,15,2.72E-06,N.A,17.73504274,N.A,N.A,N.A,N.A,2.312682836,44.62618567,0.185766223,3.132145496,2.003699336,28.56616653,1.667344928,50,0.605160168,4.189077614,2.43061737,37.58075795,1.48109728,9.012775842,0.01551109,0.393478261,0.22171046,5.728801396,0.389863548,6.112676056,9.718134086,100,73.31557333,25.29937216,7.006369427,52.70236719,0.109612025,2.384221597,1.013513514,8.58044164,N.A,35.02531952,N.A,N.A,N.A,N.A,14.32806785
France,2018,Europe & Central Asia,FRA,High income,1233.651227,1.84E-05,2088,3.12E-05,33270,0.000496662,916.5995421,1.37E-05,5021,7.50E-05,64519,0.000963154,545,8.14E-06,22,3.28E-07,1224,1.83E-05,228,3.40E-06,0.717750371,0.644067824,0.132363856,0.90249,49,1.869428043,744242055,11.11020562,121,1.81E-06,5800,31.32129067,0.90967,0.73358,12,31,10.81358411,17.17828068,1.039892425,1.445605614,10.72098374,12.59064398,8.67406474,21.47335423,3.032444316,1.730203986,12.21918358,15.56269454,18.8450899,9.454123113,0.341243989,0.713043478,1.750797442,3.730856425,7.407407407,9.577464789,22.20003805,64.4067824,95.36176303,34.31951538,31.21019108,54.91185638,3.979232093,7.129863355,8.175675676,5.70977918,3.713758836,61.85709443,35.30984959,27.14891601,21.81818182,24.40944882,18.6100808
United Kingdom,2018,Europe & Central Asia,GBR,High income,2033.811147,3.06E-05,6812,0.000102453,62192,0.000935373,2100.973027,3.16E-05,16346,0.000245845,146545,0.002204049,187.5,2.82E-06,5,7.52E-08,594,8.93E-06,599,9.01E-06,0.91841411,0.677966118,0.083502367,0.91336,53,1.928972146,1269667876,19.09591132,225,3.38E-06,N.A,29.8908456,0.58852,0.7702,7,37,17.82739516,28.56822765,3.392599233,4.747007434,20.04086026,23.71219951,19.88215706,49.52978056,9.872203701,5.671493321,27.75399895,35.61314322,6.48340249,3.275261324,0.077555452,0.163478261,0.8496517,1.820576387,19.46068876,25.38028169,28.40657283,67.7966118,60.15942097,34.73287523,33.75796178,56.66088183,6.788521457,12.25461013,15.2027027,10.66246057,N.A,59.03207752,22.84405628,28.50417829,12.72727273,29.13385827,21.74405624
India,2018,South Asia,IND,Lower middle income,2242.522222,1.66E-06,1641,1.21E-06,41839,3.09E-05,2947.329304,2.18E-06,7607,5.62E-06,100341,7.42E-05,34.83333333,2.58E-08,2,1.48E-09,177,1.31E-07,183,1.35E-07,1.010785159,0.406779647,0.069669217,2.62967,155,2.489279927,279503360,0.206638902,75,5.54E-08,4785.5,27.14734513,2.57625,2.70206,55,127,19.6568545,1.54977967,0.817271776,0.056063551,13.48227348,0.783331318,27.89148807,3.4169279,4.594264869,0.129649952,19.00347339,1.198927622,1.204472107,0.029965157,0.031022181,0.003217391,0.253179042,0.026707224,5.945419103,0.38028169,31.26361183,40.6779647,50.19330475,100,98.72611465,73.1191459,1.494418023,0.132608449,5.067567568,0.174763407,3.064171191,53.6138791,100,100,100,100,26.61061443
Ireland,2018,Europe & Central Asia,IRL,High income,184.4511905,3.80E-05,388,7.99E-05,4181,0.000861439,111.9790043,2.31E-05,484,9.97E-05,6811,0.001403315,2,4.12E-07,N.A,N.A,6,1.24E-06,29,5.98E-06,0.887284056,0.440677971,0.115248404,0.72564,18,1.781902446,67309449,13.86821176,19,3.91E-06,N.A,33.57684121,0.4458,0.67935,3,12,1.616809046,35.47688401,0.193236715,3.70204771,1.347292847,21.83793357,1.059691925,36.20689655,0.292312896,2.300017833,1.289927919,22.67483984,0.069156293,0.478513357,N.A,N.A,0.00858234,0.2528012,0.94217024,16.84507042,27.44371943,44.0677971,83.03090681,27.59433693,11.46496815,52.34091334,0.359882807,8.899786216,1.283783784,12.33438486,N.A,66.31162998,17.30422125,25.14192875,5.454545455,9.448818898,14.97432801
Israel,2018,Middle East & North Africa,ISR,High income,286.0333333,3.22E-05,931,0.000104797,7795,0.00087744,229.8409091,2.59E-05,865,9.74E-05,13394,0.001507688,9,1.01E-06,N.A,N.A,14,1.58E-06,122,1.37E-05,0.824345879,0.694915235,0.080218799,1.23294,32,1.878438203,1044352302,117.5569353,131,1.47E-05,N.A,28.45705337,0.79323,1.05166,6,22,2.507228495,30.06199119,0.463668509,4.855613189,2.511874609,22.24356737,2.175055555,40.59561129,0.522418708,2.246958244,2.536675164,24.36130443,0.31120332,1.173054588,N.A,N.A,0.020025461,0.322117659,3.963612736,38.5915493,25.49703994,69.4915235,57.79376888,46.88573091,20.38216561,55.17651733,5.583828767,75.44098767,8.851351351,46.37223975,N.A,56.20045023,30.79010189,38.92067534,10.90909091,17.32283465,20.69671768
Italy,2018,Europe & Central Asia,ITA,High income,939.7730159,1.56E-05,1939,3.21E-05,26802,0.000443512,793.7980159,1.31E-05,4165,6.89E-05,50476,0.000835263,111,1.84E-06,14,2.32E-07,170,2.81E-06,216,3.57E-06,0.690349227,0.711864412,0.118279174,0.47803,20,1.895516856,37239654,0.616231398,22,3.64E-07,9800,30.74624299,0.50935,0.53612,3,11,8.237591252,14.56419449,0.965685542,1.487305776,8.636723961,11.24326341,7.511955946,20.53291536,2.515461178,1.589480729,9.559595011,13.49622483,3.838174274,2.137049942,0.217155266,0.504347826,0.243166311,0.57288014,7.01754386,10.05633803,21.35251994,71.1864412,85.21443016,18.17832656,12.7388535,55.67817908,0.199108913,0.395460337,1.486486486,1.148264984,6.274971827,60.72142033,19.77098496,19.84115823,5.454545455,8.661417323,14.2563784
Japan,2018,East Asia & Pacific,JPN,High income,2357.813889,1.86E-05,2228,1.76E-05,38529,0.000304507,1429.214683,1.13E-05,4145,3.28E-05,45287,0.000357918,707.8333333,5.59E-06,43,3.40E-07,1704,1.35E-05,273,2.16E-06,1.007304958,0.983050823,0.033194464,N.A,N.A,N.A,595627715,4.70743659,119,9.40E-07,55240,9.78939724,N.A,N.A,N.A,N.A,20.66744494,17.36500112,1.109617013,0.815469833,12.41565322,7.719413257,13.52510024,17.71159875,2.503382133,0.756675877,8.576855917,5.783258446,24.47556478,6.492450639,0.666976888,0.739130435,2.437384675,2.752271133,8.869395712,6.084507042,31.15596912,98.3050823,23.91500751,N.A,N.A,N.A,3.184637179,3.020950358,8.040540541,2.965299685,35.3703514,19.33329236,N.A,N.A,N.A,N.A,10.74328562
Netherlands,2018,Europe & Central Asia,NLD,High income,410.0321789,2.38E-05,1164,6.76E-05,11888,0.000689919,517.318229,3.00E-05,3468,0.000201265,36116,0.002095988,13.33333333,7.74E-07,N.A,N.A,29,1.68E-06,139,8.07E-06,0.934575654,0.864406765,0.058724124,0.59392,20,2.120247976,57058456,3.311380634,20,1.16E-06,N.A,41.64176335,1.0803,0.61262,4,14,3.594141812,22.21973262,0.579710145,3.132145496,3.83081018,17.48981099,4.895542277,47.02194357,2.09450645,4.643060071,6.839970152,33.86708772,0.461041955,0.898954704,N.A,N.A,0.041481312,0.342504852,4.515919428,22.73239437,28.90644981,86.4406765,42.30789406,22.58534341,12.7388535,62.27934409,0.305073917,2.125045408,1.351351351,3.659305994,N.A,82.23921916,41.93304221,22.67233148,7.272727273,11.02362205,16.86225106
Norway,2018,Europe & Central Asia,NOR,High income,167.8527778,3.16E-05,97,1.83E-05,4058,0.000763595,121.4016234,2.28E-05,699,0.000131531,8239,0.001550335,1.5,2.82E-07,N.A,N.A,2,3.76E-07,24,4.52E-06,0.680761043,0.779661,0.07808163,0.52197,9,N.A,23885632,4.494565643,12,2.26E-06,N.A,N.A,N.A,0.56338,N.A,6,1.471315467,29.50182986,0.048309179,0.847903293,1.307657109,19.3575365,1.148861081,35.73667712,0.422162632,3.034339474,1.560375293,25.05039697,0.05186722,0.327526132,N.A,N.A,0.00286078,0.076655848,0.779727096,12.73239437,21.05595715,77.9661,56.25404187,19.84925865,5.732484076,N.A,0.127709087,2.884342556,0.810810811,7.129337539,N.A,N.A,N.A,20.85001813,N.A,4.724409449,9.745635132
Portugal,2018,Europe & Central Asia,PRT,High income,322.4261905,3.14E-05,270,2.63E-05,6887,0.000669827,193.4901154,1.88E-05,1003,9.76E-05,11533,0.001121695,4,3.89E-07,N.A,N.A,27,2.63E-06,15,1.46E-06,0.609636755,0.491525412,0.078816108,0.39677,8,1.614933814,12872808,1.252004083,8,7.78E-07,N.A,34.48621554,0.143,0.28483,1,5,2.826230506,29.31510942,0.134468848,1.218571399,2.219279081,16.98046818,1.83105676,29.46708464,0.60576412,2.251572121,2.184222388,18.12440862,0.138312586,0.451800232,N.A,N.A,0.038620532,0.536183191,0.487329435,4.112676056,18.85608103,49.1525412,56.78319778,15.08820498,5.095541401,47.43644131,0.068826923,0.8034611,0.540540541,2.454258675,N.A,68.10757302,5.550703542,10.5412167,1.818181818,3.937007874,11.08769267
Russia,2018,Europe & Central Asia,RUS,Upper middle income,256.7083333,1.78E-06,191,1.32E-06,4011,2.78E-05,349.6964646,2.42E-06,697,4.82E-06,10022,6.94E-05,17,1.18E-07,1,6.92E-09,12,8.31E-08,40,2.77E-07,0.625987166,0.542372882,0.05063409,N.A,N.A,N.A,18716788,0.129547623,10,6.92E-08,N.A,N.A,N.A,N.A,N.A,N.A,2.250179868,1.661811935,0.095124259,0.061160238,1.292511746,0.704744681,3.309285717,3.793103448,0.420954728,0.111194443,1.898055733,1.121368962,0.587828492,0.137049942,0.01551109,0.015043478,0.017164681,0.016941758,1.299545159,0.78028169,19.36179968,54.2372882,36.47941544,N.A,N.A,N.A,0.100072877,0.083135892,0.675675676,0.21829653,N.A,N.A,N.A,N.A,N.A,N.A,3.631792954
Singapore,2018,East Asia & Pacific,SGP,High income,524.9833333,9.31E-05,2264,0.000401513,20530,0.003640926,359.6159091,6.38E-05,4871,0.000863855,34897,0.006188864,21.5,3.81E-06,N.A,N.A,63,1.12E-05,200,3.55E-05,1.266532173,0.932203412,0.047514312,0.84846,17,3.404416034,571529832,101.3588708,46,8.16E-06,4300,16.66220346,0.70369,0.80721,5,14,4.601747487,86.91836582,1.127546193,18.60350791,6.61562357,92.29939683,3.403156486,100,2.941851476,19.92860486,6.609105062,100,0.743430152,4.425087108,N.A,N.A,0.090114574,2.283365681,6.497725796,100,39.17387377,93.2203412,34.23176612,32.26488495,10.82802548,100,3.055793252,65.04604176,3.108108108,25.74132492,2.753303965,32.90654602,27.31450752,29.87387401,9.090909091,11.02362205,29.90893198
Sweden,2018,Europe & Central Asia,SWE,High income,257.2111111,2.53E-05,446,4.38E-05,6726,0.000660501,241.3952742,2.37E-05,1307,0.000128349,14184,0.001392886,11.5,1.13E-06,3,2.95E-07,83,8.15E-06,66,6.48E-06,0.583509466,0.881355941,0.107944384,0.5613,14,1.828415128,140320331,13.77962482,34,3.34E-06,N.A,29.77129571,0.50185,0.63833,4,11,2.254586972,23.62013593,0.222122616,2.029407881,2.167398155,16.74404915,2.284398082,37.14733542,0.789365609,2.960932686,2.686292409,22.50632749,0.397648686,1.31242741,0.046533271,0.641304348,0.118722376,1.661556277,2.144249513,18.25352113,18.04796329,88.1355941,77.76871329,21.34488358,8.917197452,53.70715887,0.750249412,8.842936433,2.297297297,10.5362776,N.A,58.79597586,19.47986414,23.62382775,7.272727273,8.661417323,15.22695553
United States of America,2018,North America,USA,High income,11408.34726,3.49E-05,42160,0.000128864,310326,0.000948524,8418.048857,2.57E-05,48175,0.000147249,464267,0.00141905,2428.333333,7.42E-06,353,1.08E-06,12849,3.93E-05,3078,9.41E-06,1.03873218,0.813559294,0.090576574,1.98863,157,2.200960942,18703157736,57.16692981,1480,4.52E-06,40400,26.95409271,1.54298,1.92074,45,124,100,32.58271716,20.99706161,5.970721853,100,24.04558431,79.66259791,40.28213166,29.0954003,3.396944091,87.92702466,22.92908682,83.96726601,8.617886179,5.475414922,2.347826087,18.37908198,8.012167077,100,26.50704225,32.12801393,81.3559294,65.25604532,75.62279678,100,64.65017554,100,36.68630554,100,14.25867508,25.8682512,53.23222072,59.89247938,71.08428384,81.81818182,97.63779528,51.65797524
South Africa,2018,Sub-Saharan Africa,ZAF,Upper middle income,95.63888889,1.66E-06,55,9.52E-07,1830,3.17E-05,95.02380952,1.64E-06,358,6.20E-06,5972,0.000103358,N.A,N.A,N.A,N.A,N.A,N.A,13,2.25E-07,1.041163948,0.338983059,0.054995682,0.36102,9,2.226624414,7077690,0.122494571,4,6.92E-08,N.A,N.A,0.22885,0.25663,2,4,0.838323788,1.54977967,0.027391802,0.044109505,0.589702442,0.80361174,0.899239676,2.570532915,0.21621491,0.143030196,1.131030617,1.670064167,N.A,N.A,N.A,N.A,N.A,N.A,0.422352177,0.633802817,32.20322858,33.8983059,39.62173174,13.72871881,5.732484076,65.40400444,0.037842219,0.078609666,0.27027027,0.21829653,N.A,N.A,8.883066473,9.497568522,3.636363636,3.149606299,6.330535655